object_id,reqid,request_date,personpremise,address_one,zip,activity_date,activitytypeid,activity_type_desc
474.0,699031.0,2020/06/09 03:59:59+00,TACO BELL,1801 S BROOK ST,40208.0,2020/06/09 03:59:59+00,7,FIELD
475.0,699162.0,2020/06/10 03:59:59+00,BURGER KING #891,11300 PRESTON HWY,40229.0,2020/06/26 03:59:59+00,7,FIELD
476.0,699324.0,2020/06/15 03:59:59+00,DOMINO'S PIZZA #1435,7924 FEGENBUSH LN,40228.0,2020/06/19 03:59:59+00,7,FIELD
477.0,699651.0,2020/06/19 03:59:59+00,ROOSTERS,5338 BARDSTOWN RD,40291.0,2020/06/22 03:59:59+00,7,FIELD
478.0,699942.0,2020/06/24 03:59:59+00,DUNDEE TAVERN,2224 DUNDEE RD,40205.0,2020/06/25 03:59:59+00,7,FIELD
479.0,699961.0,2020/06/24 03:59:59+00,NORTON BROWNSBORO HOSPITAL,4960 NORTON HEALTHCARE BLVD,40241.0,2020/06/24 03:59:59+00,7,FIELD
480.0,700204.0,2020/06/29 03:59:59+00,PRO FITNESS TRAINING STUDIO,11740 SHELBYVILLE RD,40243.0,2020/07/01 03:59:59+00,7,FIELD
481.0,701025.0,2020/07/11 03:59:59+00,THIRD STREET GAS STATION,5620 S 3RD ST,40214.0,2020/07/14 03:59:59+00,7,FIELD
482.0,701109.0,2020/07/13 03:59:59+00,BURGER KING #544,1820 BLANKENBAKER PKWY,40299.0,2020/07/16 03:59:59+00,7,FIELD
483.0,701267.0,2020/07/04 03:59:59+00,DOMINO'S PIZZA #1424,812 EASTERN PKWY,40217.0,2020/07/04 03:59:59+00,7,FIELD
484.0,701269.0,2020/07/04 03:59:59+00,SUNERGOS COFFEE,2122 S PRESTON ST,40217.0,2020/07/04 03:59:59+00,7,FIELD
485.0,701270.0,2020/07/04 03:59:59+00,WHITE CASTLE #10,793 EASTERN PKWY,40217.0,2020/07/04 03:59:59+00,7,FIELD
486.0,701275.0,2020/07/03 03:59:59+00,SUBWAY,1229 GOSS AVE,40217.0,2020/07/03 03:59:59+00,7,FIELD
487.0,693722.0,2020/03/23 03:59:59+00,CONSTRUCTION SITE,1741 FRANKFORT AVE,40206.0,2020/03/26 03:59:59+00,7,FIELD
488.0,693910.0,2020/03/27 03:59:59+00,MIKE LINNIG'S RESTAURANT,9308 CANE RUN RD,40258.0,2020/03/31 03:59:59+00,7,FIELD
489.0,694419.0,2020/04/02 03:59:59+00,UPS,2220 OUTER LOOP,40219.0,2020/04/07 03:59:59+00,7,FIELD
490.0,694714.0,2020/04/02 03:59:59+00,UNKNOWN,3 COLONIAL OAKS CT UNIT 4,40214.0,2020/04/04 03:59:59+00,7,FIELD
491.0,695101.0,2020/04/08 03:59:59+00,ROSENBURG REYES MEDICAL,320 W. WOODLAWN AVENUE,40214.0,2020/05/08 03:59:59+00,7,FIELD
492.0,695347.0,2020/04/09 03:59:59+00,RESIDENT,817 COLONEL ANDERSON PKWY,40222.0,2020/04/10 03:59:59+00,7,FIELD
493.0,695442.0,2020/04/13 03:59:59+00,O'CHARLEY'S,962 BRECKENRIDGE LN,40207.0,2020/04/14 03:59:59+00,7,FIELD
494.0,695486.0,2020/04/14 03:59:59+00,INTERTECH MECHANICAL SERVICES,5836 FERN VALLEY RD,40228.0,2020/04/14 03:59:59+00,7,FIELD
495.0,695582.0,2020/04/14 03:59:59+00,VALU MARKET,7519 OUTER LOOP,40228.0,2020/04/15 03:59:59+00,7,FIELD
496.0,695617.0,2020/04/15 03:59:59+00,ACE'S SLUSHIE WORLD,1821 W BROADWAY,40203.0,2020/04/16 03:59:59+00,7,FIELD
497.0,695784.0,2020/04/16 03:59:59+00,BOYS HAVEN,3725 KLONDIKE LANE,40220.0,2020/04/17 03:59:59+00,7,FIELD
498.0,695890.0,2020/04/17 03:59:59+00,PAUL'S FRUIT MARKET #4,4946 BROWNSBORO RD,40222.0,2020/04/18 03:59:59+00,7,FIELD
499.0,695896.0,2020/04/17 03:59:59+00,WHITE CASTLE #31,5520 NATIONAL TURNPIKE,40220.0,2020/04/20 03:59:59+00,7,FIELD
500.0,696004.0,2020/04/20 03:59:59+00,CASH AMERICAN,4133 SHELBYVILLE RD,40207.0,2020/04/21 03:59:59+00,7,FIELD
501.0,696099.0,2020/04/21 03:59:59+00,ST ELIZABETH ANN SETON,11501 MAPLE WAY,40229.0,2020/04/21 03:59:59+00,7,FIELD
502.0,694689.0,2020/04/06 03:59:59+00,BANADIR RESTAURANT,5600 S 3RD ST,40214.0,2020/06/22 03:59:59+00,7,FIELD
503.0,702013.0,2020/07/23 03:59:59+00,AUTO ZONE,5115 NEW CUT RD,40214.0,2020/08/31 03:59:59+00,7,FIELD
504.0,702143.0,2020/07/24 03:59:59+00,LEE'S FAMOUS RECIPE,2925 BROWNSBORO RD,40206.0,2020/07/27 03:59:59+00,7,FIELD
505.0,702227.0,2020/07/27 03:59:59+00,ST MARY AND ELIZABETH,1850 BLUEGRASS AVE,40215.0,2020/09/16 03:59:59+00,7,FIELD
506.0,702290.0,2020/07/27 03:59:59+00,WALMART #1170,10445 DIXIE HWY,40272.0,2020/07/28 03:59:59+00,7,FIELD
507.0,702292.0,2020/07/27 03:59:59+00,GRAB & GO,10501 DIXIE HWY,40272.0,2020/07/28 03:59:59+00,7,FIELD
508.0,702293.0,2020/07/27 03:59:59+00,RALLY'S,2130 W BROADWAY,40211.0,2020/07/29 03:59:59+00,7,FIELD
509.0,702333.0,2020/07/28 03:59:59+00,POST OFFICE,3050 HUNSINGER LANE,40220.0,2020/08/05 03:59:59+00,7,FIELD
510.0,693687.0,2020/03/24 03:59:59+00,INDI'S RESTAURANT,4419 CANE RUN RD,40216.0,2020/03/26 03:59:59+00,7,FIELD
511.0,693829.0,2020/03/27 03:59:59+00,UNKNOWN,3600 W MUHAMMAD ALI BLVD,40212.0,2020/03/27 03:59:59+00,7,FIELD
512.0,694267.0,2020/03/31 03:59:59+00,LOWE'S STORE,6651 DIXIE HWY,40258.0,2020/04/01 03:59:59+00,7,FIELD
513.0,694517.0,2020/04/01 03:59:59+00,RESIDENT,5016 HAMES TRACE,40291.0,2020/04/01 03:59:59+00,7,FIELD
514.0,694759.0,2020/04/06 03:59:59+00,POPEYE'S,7528 DIXIE HWY,40258.0,2020/04/07 03:59:59+00,7,FIELD
515.0,695261.0,2020/04/11 03:59:59+00,PIC PAC,6629 SOUTHSIDE DR,40214.0,2020/04/28 03:59:59+00,7,FIELD
516.0,695279.0,2020/04/10 03:59:59+00,CIRCUS AUTO SALES,4639 DIXIE HWY,40216.0,2020/04/14 03:59:59+00,7,FIELD
517.0,695417.0,2020/04/13 03:59:59+00,RESIDENT,1015 REEVES RD,40219.0,2020/04/14 03:59:59+00,7,FIELD
518.0,695440.0,2020/04/13 03:59:59+00,WILDWOOD COUNTRY CLUB,5000 BARDSTOWN RD,40291.0,2020/04/14 03:59:59+00,7,FIELD
519.0,695470.0,2020/04/13 03:59:59+00,KROGER L-780,10645 DIXIE HWY,40272.0,2020/04/15 03:59:59+00,7,FIELD
520.0,695539.0,2020/04/14 03:59:59+00,POPEYE'S,5003 PRESTON HWY,40213.0,2020/04/15 03:59:59+00,7,FIELD
521.0,695639.0,2020/04/15 03:59:59+00,AUNT BEES LAUNDRY,5701 PRESTON HWY,40219.0,2020/04/16 03:59:59+00,7,FIELD
522.0,695659.0,2020/04/15 03:59:59+00,CERTIFIT,1000 GLENGARRY DR,40118.0,2020/04/16 03:59:59+00,7,FIELD
523.0,695724.0,2020/04/16 03:59:59+00,MCDONALD'S #0258,5600 PRESTON HWY,40219.0,2020/04/16 03:59:59+00,7,FIELD
524.0,695732.0,2020/04/16 03:59:59+00,APARTMENT COMPLEX,1501 BELLAMY PLACE,40208.0,2020/04/23 03:59:59+00,7,FIELD
525.0,695742.0,2020/04/13 03:59:59+00,APARTMENT COMPLEX,2304 WOODBOURNE AVE,40205.0,2020/04/14 03:59:59+00,7,FIELD
526.0,695744.0,2020/04/10 03:59:59+00,RESIDENT,1002 WASHLAND AVE,40215.0,2020/04/15 03:59:59+00,7,FIELD
527.0,695751.0,2020/04/08 03:59:59+00,RESIDENT,7103 YORKTOWN RD UNIT 5,40214.0,2020/04/15 03:59:59+00,7,FIELD
528.0,695898.0,2020/04/17 03:59:59+00,EL NOPAL,3945 TAYLORSVILLE RD,40220.0,2020/04/20 03:59:59+00,7,FIELD
529.0,695900.0,2020/04/17 03:59:59+00,GLEN OAKS COUNTRY CLUB,10601 WORTHINGTON LN,40059.0,2020/04/21 03:59:59+00,7,FIELD
530.0,696017.0,2020/04/20 03:59:59+00,NEW CONSTRUCTION,5708 VALLEY PARK DRIVE,40299.0,2020/04/20 03:59:59+00,7,FIELD
531.0,696074.0,2020/04/20 03:59:59+00,MIRROR GLAZE,4719 PRESTON HIGHWAY,40213.0,2020/04/25 03:59:59+00,7,FIELD
532.0,696224.0,2020/04/22 03:59:59+00,HENKLE DHL,7101 LOGISTIRCS DR,40258.0,2020/04/24 03:59:59+00,7,FIELD
533.0,696227.0,2020/04/22 03:59:59+00,MOUNT HERMON CHURCH,5410 ROBBS LANE,40219.0,2020/04/27 03:59:59+00,7,FIELD
534.0,696323.0,2020/04/23 03:59:59+00,ITALIAN GLOBAL SOLUTIONS,111 S 11TH STREET,40203.0,2020/04/25 03:59:59+00,7,FIELD
535.0,696335.0,2020/04/23 03:59:59+00,STARBUCKS #2561,4400 SHELBYVILLE RD,40207.0,2020/04/29 03:59:59+00,7,FIELD
536.0,696377.0,2020/04/22 03:59:59+00,UNKNOWN,114 BRECKINRIDGE SQ,40220.0,2020/04/23 03:59:59+00,7,FIELD
537.0,696526.0,2020/04/27 03:59:59+00,WHOLESALE JIMS,36058 DIXIE HWY,40216.0,2020/04/28 03:59:59+00,7,FIELD
538.0,696548.0,2020/04/27 03:59:59+00,FAMILY DOLLAR #21434,431 W OAK ST,40203.0,2020/04/28 03:59:59+00,7,FIELD
539.0,696585.0,2020/04/23 03:59:59+00,BUSINESS,2600 W BROADWAY,40211.0,2020/04/27 03:59:59+00,7,FIELD
540.0,696672.0,2020/04/29 03:59:59+00,DIFFERENT STROKES GOLF CENTER,3742 RIVER ROAD,40207.0,2020/04/30 03:59:59+00,7,FIELD
541.0,696791.0,2020/04/27 03:59:59+00,VACANT LOT,2027 LYTLE ST,40203.0,2020/04/28 03:59:59+00,7,FIELD
542.0,696792.0,2020/04/27 03:59:59+00,RESIDENCE,408 S 18TH ST,40203.0,2020/04/28 03:59:59+00,7,FIELD
543.0,697052.0,2020/05/04 03:59:59+00,CHICAGO STEAK & LEMONADE,4501 CANE RUN RD,40216.0,2020/05/05 03:59:59+00,7,FIELD
544.0,697078.0,2020/04/30 03:59:59+00,RESIDENCE,2501 S 4TH ST,40208.0,2020/05/01 03:59:59+00,7,FIELD
545.0,697103.0,2020/05/05 03:59:59+00,AIRBNB,1414 WINTER AVE,40204.0,2020/05/05 03:59:59+00,7,FIELD
546.0,697121.0,2020/04/24 03:59:59+00,RESIDENCE,1764 CASSELBERRY RD,40205.0,2020/05/05 03:59:59+00,7,FIELD
547.0,697205.0,2020/05/04 03:59:59+00,RESIDENCE,102 PROMENADE CT,40223.0,2020/05/06 03:59:59+00,7,FIELD
548.0,697210.0,2020/05/06 03:59:59+00,SPECTRUM,3927 7TH ST RD,40216.0,2020/05/07 03:59:59+00,7,FIELD
549.0,697285.0,2020/05/06 03:59:59+00,RESIDENCE,8903 MICHAEL EDWARD DR,40291.0,2020/05/07 03:59:59+00,7,FIELD
550.0,697433.0,2020/05/11 03:59:59+00,LEE'S FAMOUS RECIPE,2925 BROWNSBORO RD,40206.0,2020/05/12 03:59:59+00,7,FIELD
551.0,697518.0,2020/05/12 03:59:59+00,HENKEL DHL,7101 LOGISTICS DR,40258.0,2020/05/14 03:59:59+00,7,FIELD
552.0,694757.0,2020/04/06 03:59:59+00,TROPICANA COMPANY,5215 PRESTON HWY,40213.0,2020/04/08 03:59:59+00,7,FIELD
553.0,694783.0,2020/04/06 03:59:59+00,STEEL CITY POPS,1021 BARDSTOWN RD,40204.0,2020/04/16 03:59:59+00,7,FIELD
554.0,694808.0,2020/04/07 03:59:59+00,LORD'S KITCHEN,2732 S 5TH ST,40208.0,2020/04/07 03:59:59+00,7,FIELD
555.0,694867.0,2020/04/07 03:59:59+00,DOLLAR TREE #1944,2221 HIKES LN,40218.0,2020/04/08 03:59:59+00,7,FIELD
556.0,695261.0,2020/04/11 03:59:59+00,PIC PAC,6629 SOUTHSIDE DR,40214.0,2020/04/18 03:59:59+00,7,FIELD
557.0,695350.0,2020/04/07 03:59:59+00,RESIDENT,5301 ROCK RIDGE DR,40241.0,2020/04/10 03:59:59+00,7,FIELD
558.0,695360.0,2020/04/06 03:59:59+00,RESIDENT,14509 GABLEWOOD PL,40245.0,2020/04/10 03:59:59+00,7,FIELD
559.0,695379.0,2020/04/06 03:59:59+00,RSIDENT,5902 PAUL REVERE CT,40229.0,2020/04/09 03:59:59+00,7,FIELD
560.0,695382.0,2020/04/06 03:59:59+00,RESIDENT,4001 SLACK AVE,40229.0,2020/04/09 03:59:59+00,7,FIELD
561.0,695435.0,2020/04/13 03:59:59+00,SCHELLER'S FITNESS & CYCLING,11520 SHELBYVILLE RD,40243.0,2020/04/14 03:59:59+00,7,FIELD
562.0,695471.0,2020/04/14 03:59:59+00,GET IT RIGHT NOW,5226 DIXIE HWY,40216.0,2020/04/14 03:59:59+00,7,FIELD
563.0,695719.0,2020/04/15 03:59:59+00,WEST END BAPTIST CHURCH,1400 S 4TH STREET,40208.0,2020/04/23 03:59:59+00,7,FIELD
564.0,695741.0,2020/04/13 03:59:59+00,RESIDENT,104 SCOTTSDALE BLVD,40214.0,2020/04/15 03:59:59+00,7,FIELD
565.0,695816.0,2020/04/16 03:59:59+00,DOUBLE DRAGON,1255 GOSS AVE,40217.0,2020/04/17 03:59:59+00,7,FIELD
566.0,695862.0,2020/04/17 03:59:59+00,WENDYS,5240 BARDSTOWN RD,40291.0,2020/04/17 03:59:59+00,7,FIELD
567.0,695904.0,2020/04/17 03:59:59+00,LORD'S KITCHEN,2732 S 5TH ST,40208.0,2020/04/21 03:59:59+00,7,FIELD
568.0,695912.0,2020/04/17 03:59:59+00,INTERNATIOAN MALL,737 S 8TH ST,40203.0,2020/04/22 03:59:59+00,7,FIELD
569.0,696066.0,2020/04/20 03:59:59+00,GOLDEN WASH LAUNDRY WASH,5051 POPLAR LEVEL ROAD,40219.0,2020/04/22 03:59:59+00,7,FIELD
570.0,696069.0,2020/04/20 03:59:59+00,BUSY BROOMS,9127 GALENE DRIVE,40299.0,2020/04/22 03:59:59+00,7,FIELD
571.0,696101.0,2020/04/21 03:59:59+00,DOLLAR GENERAL #9126,9541 TAYLORSVILLE RD,40299.0,2020/04/22 03:59:59+00,7,FIELD
572.0,696173.0,2020/04/21 03:59:59+00,BAMBI BAR,2701 BARDSTOWN RD,40205.0,2020/04/22 03:59:59+00,7,FIELD
573.0,696245.0,2020/04/20 03:59:59+00,GREENWOOD APTS,1018 S 29TH ST,40211.0,2020/04/22 03:59:59+00,7,FIELD
574.0,696328.0,2020/04/23 03:59:59+00,NEW VIEW BAR AND GRILL,7601 OUTER LOOP,40219.0,2020/04/24 03:59:59+00,7,FIELD
575.0,696381.0,2020/04/07 03:59:59+00,RESIDENCE,1845 STEVENS AVE,40205.0,2020/04/22 03:59:59+00,7,FIELD
576.0,696398.0,2020/04/24 03:59:59+00,WALMART #3610,7100 RAGGARD RD,40216.0,2020/04/27 03:59:59+00,7,FIELD
577.0,696442.0,2020/04/24 03:59:59+00,POPEYE'S,7528 DIXIE HWY,40258.0,2020/04/25 03:59:59+00,7,FIELD
578.0,696459.0,2020/04/24 03:59:59+00,FAZOLI'S,10307 DIXIE HWY,40272.0,2020/04/30 03:59:59+00,7,FIELD
579.0,696606.0,2020/04/28 03:59:59+00,CASH SAVERS,3044 WILSON AVE,40211.0,2020/04/30 03:59:59+00,7,FIELD
580.0,696832.0,2020/04/30 03:59:59+00,M V TRANSPORTATION,830 13TH ST,40210.0,2020/05/04 03:59:59+00,7,FIELD
581.0,696841.0,2020/04/29 03:59:59+00,RESIDENCE,5403 STEPHEN FOSTER AVE,40213.0,2020/04/30 03:59:59+00,7,FIELD
582.0,696848.0,2020/04/24 03:59:59+00,TENT,4001 TAYLOR BLVD,40215.0,2020/04/29 03:59:59+00,7,FIELD
583.0,697049.0,2020/05/04 03:59:59+00,BOUDREAUX'S NEW ORLEANS STYLE SNOBALLS,11816 SHELBYVILLE RD,40243.0,2020/05/06 03:59:59+00,7,FIELD
584.0,697062.0,2020/05/04 03:59:59+00,CHICK-FIL-A,7901 BARDSTOWN RD,40291.0,2020/05/05 03:59:59+00,7,FIELD
585.0,697119.0,2020/05/05 03:59:59+00,STANLEY SCHULTZE,849 S 6TH ST,40203.0,2020/05/13 03:59:59+00,7,FIELD
586.0,697135.0,2020/04/23 03:59:59+00,AIR BNB RESIDENCE,1314 WINTER AVE,40204.0,2020/05/05 03:59:59+00,7,FIELD
587.0,697140.0,2020/05/04 03:59:59+00,RESIDENCE,818 S 41ST ST,40211.0,2020/05/04 03:59:59+00,7,FIELD
588.0,697225.0,2020/05/06 03:59:59+00,HOME DEPOT,6840 DIXIE HWY,40258.0,2020/05/08 03:59:59+00,7,FIELD
589.0,697276.0,2020/05/06 03:59:59+00,KRISPY KREME,3920 S 7TH ST,40216.0,2020/05/08 03:59:59+00,7,FIELD
590.0,697315.0,2020/05/07 03:59:59+00,CAPITOL PAIN INSTITUTE,3841 RUCKRIEGEL PARKWAY STE 104,40299.0,2020/05/08 03:59:59+00,7,FIELD
591.0,697442.0,2020/05/11 03:59:59+00,CIRCLE K #4703232,13401 DIXIE HWY,40272.0,2020/05/13 03:59:59+00,7,FIELD
592.0,697531.0,2020/05/12 03:59:59+00,FAMILY DOLLAR #29199,611 WINKLER AVE,40208.0,2020/05/13 03:59:59+00,7,FIELD
593.0,697609.0,2020/05/13 03:59:59+00,MONTGOMERY CHEVEROLET,5325 PRESTON HWY,40213.0,2020/05/15 03:59:59+00,7,FIELD
594.0,697641.0,2020/05/13 03:59:59+00,POPEYE'S,7528 DIXIE HWY,40258.0,2020/05/15 03:59:59+00,7,FIELD
595.0,697896.0,2020/05/18 03:59:59+00,HYUNDAI OF LOUISVILLE,6633 DIXIE HWY,40258.0,2020/05/20 03:59:59+00,7,FIELD
596.0,697918.0,2020/05/18 03:59:59+00,JTOWN BEACH,10315 WATTERSON TRAIL,40299.0,2020/05/19 03:59:59+00,7,FIELD
597.0,698098.0,2020/05/20 03:59:59+00,SAVE-A-LOT,2626 PORTLAND AVE,40212.0,2020/05/21 03:59:59+00,7,FIELD
598.0,698319.0,2020/05/26 03:59:59+00,FLEETS FEET SHOE STORE,117 BRECKENRIDGE LN,40207.0,2020/05/27 03:59:59+00,7,FIELD
599.0,698345.0,2020/05/27 03:59:59+00,ROSE'S EXPRESS #691,5607 PRESTON HWY,40219.0,2020/05/29 03:59:59+00,7,FIELD
600.0,698858.0,2020/05/22 03:59:59+00,PANHANDLERS,3612 DUMESNIL ST,40211.0,2020/05/26 03:59:59+00,7,FIELD
601.0,696253.0,2020/04/17 03:59:59+00,RESIDENT,4437 HEATHERBROOK DR,40220.0,2020/04/22 03:59:59+00,7,FIELD
602.0,696370.0,2020/04/24 03:59:59+00,HARRY'S PAYLAKES,10700 BARRICKS RD,40229.0,2020/04/24 03:59:59+00,7,FIELD
603.0,696376.0,2020/04/15 03:59:59+00,RESIDENCE,1302 TREVILIAN WAY,40213.0,2020/04/24 03:59:59+00,7,FIELD
604.0,696444.0,2020/04/26 03:59:59+00,FIRST LADY NAILS,801 EASTERN PARKWAY,40217.0,2020/05/09 03:59:59+00,7,FIELD
605.0,696473.0,2020/04/24 03:59:59+00,TACO BELL,4643 DIXIE HWY,40216.0,2020/04/25 03:59:59+00,7,FIELD
606.0,696559.0,2020/04/27 03:59:59+00,HOMETOWN PIZZA,11804 SHELBYVILLE RD,40243.0,2020/04/28 03:59:59+00,7,FIELD
607.0,696793.0,2020/04/29 03:59:59+00,NORTON WOMENS CARE,"4123 DUTCHMANS LANE, STE 300",40207.0,2020/05/01 03:59:59+00,7,FIELD
608.0,696854.0,2020/04/30 03:59:59+00,U OF L HEALTH PEACE CTR.,2020 NEWBURG ROAD,40205.0,2020/05/01 03:59:59+00,7,FIELD
609.0,696946.0,2020/05/01 03:59:59+00,AMERICANA COMMUNITY CENTER,4801 SOUTHSIDE DR,40214.0,2020/05/04 03:59:59+00,7,FIELD
610.0,697050.0,2020/05/04 03:59:59+00,PAUL'S FRUIT MARKET,12119 SHELBYVILLE RD,40243.0,2020/05/05 03:59:59+00,7,FIELD
611.0,697181.0,2020/05/06 03:59:59+00,THE PARKLANDS EGG LAWN,1411 BECKLEY CREEK PKWY,40245.0,2020/05/06 03:59:59+00,7,FIELD
612.0,697214.0,2020/05/01 03:59:59+00,RESIDENCE,2301 BONNYCASTLE AVE,40205.0,2020/05/05 03:59:59+00,7,FIELD
613.0,697217.0,2020/05/06 03:59:59+00,BARGAIN HUNT,4140 OUTER LOOP,40219.0,2020/05/07 03:59:59+00,7,FIELD
614.0,697279.0,2020/05/07 03:59:59+00,HEUSER HEARING INSTITUTE,117 E KENTUCKY ST,40203.0,2020/05/12 03:59:59+00,7,FIELD
615.0,697319.0,2020/05/07 03:59:59+00,CIRCLE K #4703243,8001 BROWNSBORO RD,40241.0,2020/05/09 03:59:59+00,7,FIELD
616.0,697327.0,2020/05/08 03:59:59+00,LOWE'S,9800 PRESTON CROSSING BLVD,40229.0,2020/05/08 03:59:59+00,7,FIELD
617.0,697866.0,2020/05/18 03:59:59+00,QUALITY DENTURES,7205 LOWER HUNTERS TRACE,40258.0,2020/05/21 03:59:59+00,7,FIELD
618.0,697902.0,2020/05/18 03:59:59+00,HIGHLANDS HEALTH & REHAB CNTR,1705 STEVENS AVE,40205.0,2020/05/20 03:59:59+00,7,FIELD
619.0,697949.0,2020/05/15 03:59:59+00,RESIDENCE,3517 PINELAND DR,40219.0,2020/05/18 03:59:59+00,7,FIELD
620.0,697985.0,2020/05/19 03:59:59+00,EMW WOMEN'S SURGICAL CENTER,136 W MARKET ST,40202.0,2020/05/19 03:59:59+00,7,FIELD
621.0,697996.0,2020/05/19 03:59:59+00,CIRCLE K #4703234,4347 S 3RD ST,40214.0,2020/05/22 03:59:59+00,7,FIELD
622.0,698044.0,2020/05/20 03:59:59+00,SONDEX,7100 INTERNATIONAL DR,40258.0,2020/05/22 03:59:59+00,7,FIELD
623.0,698381.0,2020/05/27 03:59:59+00,JACOBI SALES AND SERVICE,6500 BARDSTOWN RD,40291.0,2020/05/27 03:59:59+00,7,FIELD
624.0,698386.0,2020/05/27 03:59:59+00,RALLY'S,8601 PRESTON HWY,40219.0,2020/06/02 03:59:59+00,7,FIELD
625.0,698469.0,2020/05/28 03:59:59+00,WENDYS,4041 TAYLORSVILLE RD,40220.0,2020/05/29 03:59:59+00,7,FIELD
626.0,698470.0,2020/05/28 03:59:59+00,BONNIE & CLYDE'S PIZZA,7611 DIXIE HWY,40258.0,2020/05/29 03:59:59+00,7,FIELD
627.0,698509.0,2020/05/28 03:59:59+00,OXMOOR FORD,100 OXMOOR LN,40222.0,2020/06/03 03:59:59+00,7,FIELD
628.0,698907.0,2020/06/05 03:59:59+00,CIRCLE K #4703330,9110 BLUE LICK RD,40219.0,2020/06/29 03:59:59+00,7,FIELD
629.0,698922.0,2020/06/05 03:59:59+00,CAUDILL SEED COMPANY,1402 W MAIN STREET,40203.0,2020/06/05 03:59:59+00,7,FIELD
630.0,699492.0,2020/06/17 03:59:59+00,SOUTHEAST CHRISTIAN CHURCH,920 BLANKENBAKER PKWY,40299.0,2020/06/16 03:59:59+00,7,FIELD
631.0,699932.0,2020/06/24 03:59:59+00,SPEEDWAY #9612,1101 BARDSTOWN RD,40204.0,2020/06/25 03:59:59+00,7,FIELD
632.0,700754.0,2020/07/08 03:59:59+00,THORNTONS #27,2007 BROWNSBORO RD,40206.0,2020/07/09 03:59:59+00,7,FIELD
633.0,701016.0,2020/07/11 03:59:59+00,KROGER L-387,291 N HUBBARDS LN,40207.0,2020/07/21 03:59:59+00,7,FIELD
634.0,701074.0,2020/07/13 03:59:59+00,CARDINAL KEY MARKET,7312 ST. ANDREWS CHURCH RD,40214.0,2020/07/14 03:59:59+00,7,FIELD
635.0,701118.0,2020/07/12 03:59:59+00,BEARNO'S BY THE BAY,5801 RIVER RD,40207.0,2020/07/22 03:59:59+00,7,FIELD
636.0,701371.0,2020/07/03 03:59:59+00,BAR VETTI,727 E MARKET ST,40202.0,2020/07/03 03:59:59+00,7,FIELD
637.0,701423.0,2020/07/16 03:59:59+00,COX'S SPIRIT SHOP AND SMOKER'S OUTLET PRP,8094 DIXIE HIGHWAY,40258.0,2020/07/17 03:59:59+00,7,FIELD
638.0,701635.0,2020/07/20 03:59:59+00,BERRT BLVD COIN LAUNDRY,1739 BERRY BLVD,40215.0,2020/08/26 03:59:59+00,7,FIELD
639.0,701719.0,2020/07/18 03:59:59+00,SAM'S CLUB #8111,1401 ALLIANT AVE,40299.0,2020/07/21 03:59:59+00,7,FIELD
640.0,701757.0,2020/07/20 03:59:59+00,TARGET T-2473 STARBUCKS,4174 WESTPORT RD,40207.0,2020/07/21 03:59:59+00,7,FIELD
641.0,701830.0,2020/07/21 03:59:59+00,SUBWAY #382,5338 S 3RD ST,40214.0,2020/07/23 03:59:59+00,7,FIELD
642.0,702204.0,2020/07/24 03:59:59+00,VFW POST 1181,6518 BLEVINS GAP RD,40272.0,2020/07/28 03:59:59+00,7,FIELD
643.0,702248.0,2020/07/24 03:59:59+00,BEARNO'S,10212 TAYLORSVILLE RD,40299.0,2020/07/31 03:59:59+00,7,FIELD
644.0,702295.0,2020/07/27 03:59:59+00,WILDWOOD COUNTRY CLUB KITCHEN,5000 BARDSTOWN RD,40291.0,2020/07/28 03:59:59+00,7,FIELD
645.0,702414.0,2020/07/29 03:59:59+00,BISCUIT BELLY,900 E MAIN ST,40206.0,2020/07/30 03:59:59+00,7,FIELD
646.0,702420.0,2020/07/28 03:59:59+00,ALPHA ENERGY SOLUTIONS,7200 DISTRIBUTION DR,40258.0,2020/09/15 03:59:59+00,7,FIELD
647.0,702460.0,2020/07/29 03:59:59+00,DIAMOND PUB & BILLIARDS,3814 FRANKFORT AVE,40207.0,2020/08/01 03:59:59+00,7,FIELD
648.0,694113.0,2020/03/30 03:59:59+00,COPART AUTO AUCTION,3100 POND STATION ROAD,40272.0,2020/03/31 03:59:59+00,7,FIELD
649.0,694277.0,2020/03/31 03:59:59+00,MIDDLETOWN PEDDLERS MALL,12405 SHELBYVILLE RD,40243.0,2020/04/02 03:59:59+00,7,FIELD
650.0,694439.0,2020/04/02 03:59:59+00,DART LOGISTICS,5401 SHEPERDSVILLE RD,40225.0,2020/04/22 03:59:59+00,7,FIELD
651.0,697771.0,2020/05/15 03:59:59+00,HOME DEPOT,2600 S HURSBOURNE PKY,40220.0,2020/05/15 03:59:59+00,7,FIELD
652.0,698017.0,2020/05/20 03:59:59+00,EMW WOMEN'S SURGICAL CENTER,136 W MARKET ST,40202.0,2020/05/19 03:59:59+00,7,FIELD
653.0,698033.0,2020/05/20 03:59:59+00,FORD,2000 FERN VALLEY RD,40213.0,2020/05/28 03:59:59+00,7,FIELD
654.0,698227.0,2020/05/22 03:59:59+00,WICKS PIZZA,975 BAXTER AVE,40204.0,2020/05/28 03:59:59+00,7,FIELD
655.0,698817.0,2020/06/03 03:59:59+00,PRIMPOLOGY BEAUTY SALON,4931 W PAGES LN,40258.0,2020/06/06 03:59:59+00,7,FIELD
656.0,698829.0,2020/05/21 03:59:59+00,RESIDENCE,5300 OLDSHIRE,40229.0,2020/05/22 03:59:59+00,7,FIELD
657.0,698849.0,2020/05/22 03:59:59+00,RESIDENCE,3670 WHEELER AVE UNIT 101,40219.0,2020/05/27 03:59:59+00,7,FIELD
658.0,699046.0,2020/06/09 03:59:59+00,SCHELLER'S FITNESS & CYCLING,11520 SHELBYVILLE RD,40243.0,2020/06/10 03:59:59+00,7,FIELD
659.0,699168.0,2020/06/11 03:59:59+00,MOE'S SOUTHWEST GRILL,1001 BRECKENRIDGE LN,40207.0,2020/06/12 03:59:59+00,7,FIELD
660.0,699323.0,2020/06/15 03:59:59+00,WENDYS,4259 OUTER LOOP,40219.0,2020/06/23 03:59:59+00,7,FIELD
661.0,699619.0,2020/06/19 03:59:59+00,EL NOPAL,9451 WESTPORT RD,40241.0,2020/06/19 03:59:59+00,7,FIELD
662.0,699944.0,2020/06/25 03:59:59+00,UPS STORE,667 HURSTBOURNE PKWY,40222.0,2020/07/13 03:59:59+00,7,FIELD
663.0,700771.0,2020/07/04 03:59:59+00,MIKE LINNIG'S RESTAURANT,9308 CANE RUN RD,40258.0,2020/07/04 03:59:59+00,7,FIELD
664.0,700849.0,2020/07/07 03:59:59+00,CRESCENT HILL CRAFT HOUSE,2636 FRANKFORT AVE,40206.0,2020/07/10 03:59:59+00,7,FIELD
665.0,700939.0,2020/07/10 03:59:59+00,GALT EAST BANQUET KITCHEN,140 N 4TH ST,40203.0,2020/07/13 03:59:59+00,7,FIELD
666.0,701240.0,2020/07/14 03:59:59+00,TACO BELL,4304 OUTER LOOP,40219.0,2020/07/28 03:59:59+00,7,FIELD
667.0,701466.0,2020/07/16 03:59:59+00,CIRCLE K #4703246,4701 S 3RD ST,40214.0,2020/07/23 03:59:59+00,7,FIELD
668.0,701478.0,2020/07/16 03:59:59+00,INDI'S RESTAURANT,5009 S 3RD ST,40214.0,2020/07/22 03:59:59+00,7,FIELD
669.0,701669.0,2020/07/17 03:59:59+00,KROGER L-332,4211 S 3RD ST,40214.0,2020/07/22 03:59:59+00,7,FIELD
670.0,701918.0,2020/07/22 03:59:59+00,GLEN COMMERCIAL SERVICE,4012 BISHOP LANE,40218.0,2020/07/24 03:59:59+00,7,FIELD
671.0,701927.0,2020/07/23 03:59:59+00,WICKS PIZZA,975 BAXTER AVE,40204.0,2020/07/24 03:59:59+00,7,FIELD
672.0,702010.0,2020/07/23 03:59:59+00,BILL COLLINS FORD,4220 BARDSTOWN RD,40218.0,2020/07/24 03:59:59+00,7,FIELD
673.0,693275.0,2020/03/23 03:59:59+00,PASS TIME FISH HOUSE & TAVERN,10801 LOCUST DR,40299.0,2020/03/24 03:59:59+00,7,FIELD
674.0,693415.0,2020/03/23 03:59:59+00,UPS,911 GRADE LANE,40213.0,2020/03/23 03:59:59+00,7,FIELD
675.0,693802.0,2020/03/26 03:59:59+00,VONSUBS,1614 DIXIE HWY,40210.0,2020/04/22 03:59:59+00,7,FIELD
676.0,694513.0,2020/04/01 03:59:59+00,RESIDENT,1900 ELBA DR,40218.0,2020/04/01 03:59:59+00,7,FIELD
677.0,694583.0,2020/04/03 03:59:59+00,BROOKSIDE,841 RIVER DELL DR,40206.0,2020/04/14 03:59:59+00,7,FIELD
678.0,694628.0,2020/04/04 03:59:59+00,WALMART #5418,2020 BASHFORD MANOR LN,40218.0,2020/04/04 03:59:59+00,7,FIELD
679.0,694996.0,2020/04/06 03:59:59+00,KY TRAILER,7201 LOGISTICS DR,40258.0,2020/04/09 03:59:59+00,7,FIELD
680.0,695272.0,2020/04/11 03:59:59+00,TWO VANS ARE SET UP ACROSS FROM,4335 HAZELWOOD AVE,40215.0,2020/04/13 03:59:59+00,7,FIELD
681.0,695583.0,2020/04/14 03:59:59+00,DINO'S II,2601 W BROADWAY,40211.0,2020/04/17 03:59:59+00,7,FIELD
682.0,695728.0,2020/04/16 03:59:59+00,KING SOLOMON MISSIONARY BAPTIST CHURCH,1620 ANDERSON STREET,40210.0,2020/04/17 03:59:59+00,7,FIELD
683.0,695793.0,2020/04/16 03:59:59+00,DOLLAR GENERAL #538,11909 DIXIE HWY,40272.0,2020/04/17 03:59:59+00,7,FIELD
684.0,695893.0,2020/04/17 03:59:59+00,AL WATAN RESTAURANT,3707 KLONDIKE LN,40218.0,2020/04/20 03:59:59+00,7,FIELD
685.0,695969.0,2020/04/17 03:59:59+00,SUPER BEAUTY,4420 DIXIE HIGHWAY,40216.0,2020/04/20 03:59:59+00,7,FIELD
686.0,695975.0,2020/04/20 03:59:59+00,RESIDENT,4723 KITTY HAWK WAY,40207.0,2020/04/21 03:59:59+00,7,FIELD
687.0,696056.0,2020/04/20 03:59:59+00,RESIDENCE,1106 OLEANDA AVE,40215.0,2020/04/21 03:59:59+00,7,FIELD
688.0,696097.0,2020/04/21 03:59:59+00,ACADEMY SPORTS,"4901 OUTER LOOP, UNIT 144",40219.0,2020/04/23 03:59:59+00,7,FIELD
689.0,696209.0,2020/04/22 03:59:59+00,HOME INSTEAD SENIOR CARE (STE 200),4101 TAYLORSVILLE RD,40220.0,2020/04/22 03:59:59+00,7,FIELD
690.0,696216.0,2020/04/22 03:59:59+00,HMI CARDINAL SHOWER ENCLOSURER,4795 SHEPHERDSVILLE RD,40218.0,2020/04/23 03:59:59+00,7,FIELD
691.0,696275.0,2020/04/23 03:59:59+00,BLUE GRASS PAINT AND DECORATING,3564 SPRINGHURST BLVD,40241.0,2020/04/27 03:59:59+00,7,FIELD
692.0,696301.0,2020/04/22 03:59:59+00,AMVETS POST 9,1567 S SHELBY ST,40217.0,2020/04/24 03:59:59+00,7,FIELD
693.0,696369.0,2020/04/24 03:59:59+00,LITTLE CAESARS,5524 NEW CUT RD,40214.0,2020/04/28 03:59:59+00,7,FIELD
694.0,696402.0,2020/04/24 03:59:59+00,MANDRAN HEALTH,4010 DUPONT CIRCLE STE 411,40207.0,2020/04/27 03:59:59+00,7,FIELD
695.0,696457.0,2020/04/24 03:59:59+00,STEAK N SHAKE #708,4913 DIXIE HWY,40216.0,2020/04/25 03:59:59+00,7,FIELD
696.0,696503.0,2020/04/22 03:59:59+00,RESIDENCE INN,3500 SPRINGHURST COMMONS DR,40241.0,2020/04/24 03:59:59+00,7,FIELD
697.0,696623.0,2020/04/28 03:59:59+00,FARMBOY FOODMART,1800 W OAK ST,40210.0,2020/04/29 03:59:59+00,7,FIELD
698.0,696626.0,2020/04/28 03:59:59+00,RALLY'S,4401 CANE RUN RD,40216.0,2020/04/30 03:59:59+00,7,FIELD
699.0,696795.0,2020/04/27 03:59:59+00,APARTMENT,2117 W CHESTNUT ST,40211.0,2020/04/28 03:59:59+00,7,FIELD
700.0,696800.0,2020/04/28 03:59:59+00,RESIDENCE,6944 LEISURE LANE,40229.0,2020/04/29 03:59:59+00,7,FIELD
701.0,699349.0,2020/06/15 03:59:59+00,METRO DINER,4901 OUTER LOOP,40219.0,2020/06/23 03:59:59+00,7,FIELD
702.0,699685.0,2020/06/21 03:59:59+00,SYRIAN GRILL,3325 BARDSTOWN RD STE 103,40218.0,2020/07/01 03:59:59+00,7,FIELD
703.0,699928.0,2020/06/24 03:59:59+00,CAPTAIN D'S #3532,10101 DIXIE HWY,40272.0,2020/06/25 03:59:59+00,7,FIELD
704.0,700273.0,2020/06/27 03:59:59+00,SAVE-A-LOT,4148 TAYLOR BLVD,40215.0,2020/06/30 03:59:59+00,7,FIELD
705.0,700346.0,2020/06/30 03:59:59+00,AUTOZONE AUTO PARTS,6231 PRESTON HWY,40219.0,2020/08/26 03:59:59+00,7,FIELD
706.0,700360.0,2020/06/30 03:59:59+00,BAPTIST HOSPITAL EAST,4919 BROWNSBORO RD UNIT 101,40222.0,2020/07/17 03:59:59+00,7,FIELD
707.0,700433.0,2020/07/01 03:59:59+00,LOWE'S,6651 DIXIE HWY,40258.0,2020/07/14 03:59:59+00,7,FIELD
708.0,700459.0,2020/07/01 03:59:59+00,CRICKET CELL,10974 DIXIE HWY,40272.0,2020/07/27 03:59:59+00,7,FIELD
709.0,700606.0,2020/07/06 03:59:59+00,PLATINUM FOOD MART,1025 W BROADWAY,40203.0,2020/07/07 03:59:59+00,7,FIELD
710.0,700779.0,2020/07/04 03:59:59+00,MAX ORIENT,4801 OUTER LOOP FC7,40219.0,2020/07/04 03:59:59+00,7,FIELD
711.0,700968.0,2020/07/11 03:59:59+00,BLUE DOG BAKERY & CAFE,2868 FRANKFORT AVE,40206.0,2020/07/08 03:59:59+00,7,FIELD
712.0,694163.0,2020/03/30 03:59:59+00,RADIAL,7700 TRADE PORT DR,40258.0,2020/03/31 03:59:59+00,7,FIELD
713.0,694222.0,2020/03/30 03:59:59+00,KOCH FILTER,8401 AIR COMMERCE DR,40219.0,2020/04/03 03:59:59+00,7,FIELD
714.0,694401.0,2020/04/02 03:59:59+00,CAROLINA WESTERN WEAR,5015 PRESTON HWY,40213.0,2020/04/06 03:59:59+00,7,FIELD
715.0,694425.0,2020/04/02 03:59:59+00,UPS,911 GRADE LN,40213.0,2020/04/02 03:59:59+00,7,FIELD
716.0,694790.0,2020/04/07 03:59:59+00,UPS,8100 AIR COMMERCE DR,40219.0,2020/04/13 03:59:59+00,7,FIELD
717.0,695375.0,2020/04/03 03:59:59+00,RESIDENT,5301 ROCK RIDGE DR,40241.0,2020/04/06 03:59:59+00,7,FIELD
718.0,695418.0,2020/04/13 03:59:59+00,UPS,6406 GRADE LANE,40213.0,2020/04/16 03:59:59+00,7,FIELD
719.0,695441.0,2020/04/13 03:59:59+00,FAMILY DOLLAR #26820,4126 TAYLOR BLVD,40215.0,2020/04/25 03:59:59+00,7,FIELD
720.0,695482.0,2020/04/13 03:59:59+00,DOLLAR GENERAL #19110,3808 S 7TH ST,40216.0,2020/04/14 03:59:59+00,7,FIELD
721.0,695707.0,2020/04/15 03:59:59+00,WAREHOUSE,134 E WOODLAWN AVENUE,40214.0,2020/04/24 03:59:59+00,7,FIELD
722.0,695720.0,2020/04/15 03:59:59+00,AREA WIDE PROTECTION (AWP),4333 POPLAR LEVEL ROAD,40213.0,2020/04/17 03:59:59+00,7,FIELD
723.0,695746.0,2020/04/11 03:59:59+00,RESIDENT,235 OTTAWA AVE,40209.0,2020/04/15 03:59:59+00,7,FIELD
724.0,695884.0,2020/04/17 03:59:59+00,SCHRECK'S BAXTER LIQUORS,1535 BAXTER AVE,40205.0,2020/04/18 03:59:59+00,7,FIELD
725.0,696096.0,2020/04/21 03:59:59+00,SMART TECH PRO,2220 HIKES LANE,40218.0,2020/04/23 03:59:59+00,7,FIELD
726.0,696120.0,2020/04/21 03:59:59+00,CIRCLE K,4347 S 3RD ST,40214.0,2020/04/22 03:59:59+00,7,FIELD
727.0,696122.0,2020/04/21 03:59:59+00,PRIVATE RESIDENCE,2308 VILLAGE DR,40205.0,2020/04/22 03:59:59+00,7,FIELD
728.0,696169.0,2020/04/21 03:59:59+00,FAMILY DOLLAR #11491,3907 W MARKET ST,40212.0,2020/04/24 03:59:59+00,7,FIELD
729.0,696239.0,2020/04/20 03:59:59+00,RSIDENT,612 EMILY RD,40205.0,2020/04/21 03:59:59+00,7,FIELD
730.0,696246.0,2020/04/20 03:59:59+00,RESIDENT PARK PLACE APARTMENTS,7500 CRANFILL WAY,40214.0,2020/04/22 03:59:59+00,7,FIELD
731.0,696286.0,2020/04/23 03:59:59+00,BROAD RUN PARK,11551 BARDSTOWN RD,40291.0,2020/04/24 03:59:59+00,7,FIELD
732.0,696312.0,2020/04/23 03:59:59+00,AUDUBON COUNTRY CLUB,3265 ROBIN RD,40213.0,2020/04/25 03:59:59+00,7,FIELD
733.0,696312.0,2020/04/23 03:59:59+00,AUDUBON COUNTRY CLUB,3265 ROBIN RD,40213.0,2020/04/28 03:59:59+00,7,FIELD
734.0,696340.0,2020/04/21 03:59:59+00,UPS,8100 AIR COMMERCE DR,40219.0,2020/04/29 03:59:59+00,7,FIELD
735.0,696400.0,2020/04/24 03:59:59+00,PLS CHECK CASHING STORE,4724 DIXIE HWY,40216.0,2020/04/20 03:59:59+00,7,FIELD
736.0,696467.0,2020/04/24 03:59:59+00,KFC,10103 DIXIE HWY,40272.0,2020/04/25 03:59:59+00,7,FIELD
737.0,696499.0,2020/04/22 03:59:59+00,RESIDENCE,802 SAMOA WAY,40207.0,2020/04/24 03:59:59+00,7,FIELD
738.0,696651.0,2020/04/28 03:59:59+00,LANHAM HARDWOOD,4121 BISHOP LN,40218.0,2020/04/29 03:59:59+00,7,FIELD
739.0,697057.0,2020/05/04 03:59:59+00,WICKS PIZZA,975 BAXTER AVE,40204.0,2020/05/05 03:59:59+00,7,FIELD
740.0,697094.0,2020/05/04 03:59:59+00,JEWISH HOSPITAL MAIN KITCHEN,200 ABRAHAM FLEXNER WAY,40202.0,2020/05/05 03:59:59+00,7,FIELD
741.0,697197.0,2020/05/06 03:59:59+00,DR. AMINS,1505 S 7TH ST,40208.0,2020/05/08 03:59:59+00,7,FIELD
742.0,697213.0,2020/05/04 03:59:59+00,RESIDENCE,3424 BRYAN WAY,40220.0,2020/05/06 03:59:59+00,7,FIELD
743.0,697227.0,2020/05/06 03:59:59+00,CONSTRUCTION WORKERS,4000 TAYLORSVILLE ROAD,40220.0,2020/05/11 03:59:59+00,7,FIELD
744.0,697316.0,2020/05/07 03:59:59+00,HAPPY'S FOOD MART,1397 S 2ND ST,40208.0,2020/05/08 03:59:59+00,7,FIELD
745.0,697342.0,2020/05/08 03:59:59+00,CHARTER COMMUNICATIONS/SPECTRUM,10200 LINN STATION RD,40223.0,2020/05/08 03:59:59+00,7,FIELD
746.0,697460.0,2020/05/12 03:59:59+00,CSL PLASMA,1407 W JEFFERSON ST,40203.0,2020/05/12 03:59:59+00,7,FIELD
747.0,697779.0,2020/05/14 03:59:59+00,KELLOGG'S SNACKS,2287 RALPH AVE,40216.0,2020/05/19 03:59:59+00,7,FIELD
748.0,697789.0,2020/05/15 03:59:59+00,KOCH FILTER CORP,8401 AIR COMMERCE DR,40219.0,2020/05/18 03:59:59+00,7,FIELD
749.0,697807.0,2020/05/15 03:59:59+00,KELVIN CORP,1103 OUTER LOOP,40219.0,2020/05/19 03:59:59+00,7,FIELD
750.0,697994.0,2020/05/19 03:59:59+00,MCDONALD'S,5001 S 3RD ST,40214.0,2020/05/22 03:59:59+00,7,FIELD
751.0,695500.0,2020/04/08 03:59:59+00,UNKNOWN,1321 PIGEON PASS ROAD,40213.0,2020/04/10 03:59:59+00,7,FIELD
752.0,695886.0,2020/04/17 03:59:59+00,UPS,6406 GRADE LN,40213.0,2020/04/20 03:59:59+00,7,FIELD
753.0,695902.0,2020/04/17 03:59:59+00,LAKE FOREST COUNTRY CLUB,14000 LANDMARK DR,40245.0,2020/04/21 03:59:59+00,7,FIELD
754.0,695948.0,2020/04/17 03:59:59+00,BROWN FOREMAN COOPERATE,402 MACLEAN AVENUE,40209.0,2020/04/28 03:59:59+00,7,FIELD
755.0,696061.0,2020/04/20 03:59:59+00,JIM DANDY BEAUTY & HAIR,4838 POPLAR LEVEL RD,40213.0,2020/04/22 03:59:59+00,7,FIELD
756.0,696137.0,2020/04/21 03:59:59+00,FALCON FULLFILLMENT,2100 WATTERSON TRAIL,40299.0,2020/04/22 03:59:59+00,7,FIELD
757.0,696225.0,2020/04/22 03:59:59+00,GREENLEA EMERSON,4601 E INDIAN TRL,40213.0,2020/04/24 03:59:59+00,7,FIELD
758.0,696233.0,2020/04/22 03:59:59+00,INTERSECTION OF DRY RIDGE AND ROUTT ROAD,8120 ROUTT ROAD,40299.0,2020/04/24 03:59:59+00,7,FIELD
759.0,696289.0,2020/04/22 03:59:59+00,ALDI #39,4305 BARDSTOWN RD,40218.0,2020/04/25 03:59:59+00,7,FIELD
760.0,696362.0,2020/04/24 03:59:59+00,PARTY MART,4808 BROWNSBORO RD,40207.0,2020/04/24 03:59:59+00,7,FIELD
761.0,696625.0,2020/04/28 03:59:59+00,PATEL BROTHERS INTERNATIONAL GROCERY,1830 S HURSTBOURNE PKWY,40220.0,2020/04/29 03:59:59+00,7,FIELD
762.0,696925.0,2020/05/01 03:59:59+00,LITTLE CAESARS,3121 S 2ND ST,40208.0,2020/05/05 03:59:59+00,7,FIELD
763.0,697199.0,2020/05/06 03:59:59+00,OXMOOR TOYOTA,8003 SHELBYVILLE RD,40222.0,2020/05/14 03:59:59+00,7,FIELD
764.0,697257.0,2020/05/05 03:59:59+00,SPEEDWAY #9712,4547 TAYLORSVILLE RD,40220.0,2020/05/08 03:59:59+00,7,FIELD
765.0,697302.0,2020/05/07 03:59:59+00,DERBY CITY APPLIANCE,3020 HUNSINGER LANE,40220.0,2020/05/08 03:59:59+00,7,FIELD
766.0,697320.0,2020/05/07 03:59:59+00,DOMINO'S PIZZA #1422,3951 TAYLORSVILLE RD,40220.0,2020/05/08 03:59:59+00,7,FIELD
767.0,697360.0,2020/05/08 03:59:59+00,UPS,6407 BARDSTOWN RD,40291.0,2020/05/15 03:59:59+00,7,FIELD
768.0,697717.0,2020/05/14 03:59:59+00,ROOSTERS,7405 PRESTON HWY,40219.0,2020/05/15 03:59:59+00,7,FIELD
769.0,697728.0,2020/05/14 03:59:59+00,DOLLAR TREE,5713 PRESTON HWY,40219.0,2020/05/15 03:59:59+00,7,FIELD
770.0,697780.0,2020/05/14 03:59:59+00,PENN STATION,4000 DIXIE HWY,40216.0,2020/05/15 03:59:59+00,7,FIELD
771.0,697810.0,2020/05/15 03:59:59+00,GOOD SHEPHERDD LUTHER CHURCH,9718 DIXIE HWY,40272.0,2020/05/19 03:59:59+00,7,FIELD
772.0,697834.0,2020/05/15 03:59:59+00,BARRELL OF FUN ICE CREAM,9421 SMYRNA PKWY,40229.0,2020/05/19 03:59:59+00,7,FIELD
773.0,698011.0,2020/05/20 03:59:59+00,TOTAL WINE & MORE,5067 SHELBYVILLE RD,40207.0,2020/05/20 03:59:59+00,7,FIELD
774.0,698099.0,2020/05/20 03:59:59+00,WALMART #5417,175 OUTER LOOP,40214.0,2020/05/22 03:59:59+00,7,FIELD
775.0,698108.0,2020/05/21 03:59:59+00,GOODWILL,12616 TAYLORSVILLE RD,40299.0,2020/05/21 03:59:59+00,7,FIELD
776.0,698546.0,2020/05/28 03:59:59+00,PASS TIME FISH HOUSE & TAVERN,10801 LOCUST DR,40299.0,2020/06/01 03:59:59+00,7,FIELD
777.0,699322.0,2020/06/15 03:59:59+00,HIDEOUT PIZZARIA,5620 BARRET LN,40272.0,2020/06/16 03:59:59+00,7,FIELD
778.0,699752.0,2020/06/23 03:59:59+00,HARD LIFE TATTOO,962 BAXTER AVE,40204.0,2020/06/23 03:59:59+00,7,FIELD
779.0,700193.0,2020/06/29 03:59:59+00,J&P COMOTO LLC,501 INDUSTRY RD,40208.0,2020/07/01 03:59:59+00,7,FIELD
780.0,700277.0,2020/06/27 03:59:59+00,HD RUBBIES,6905 SOUTHSIDE DR,40214.0,2020/07/01 03:59:59+00,7,FIELD
781.0,700356.0,2020/06/30 03:59:59+00,LIMESTONE BAY CLUB,5801 RIVER RD,40059.0,2020/06/30 03:59:59+00,7,FIELD
782.0,700587.0,2020/07/06 03:59:59+00,CHARITY HALL BINGO,5001 STEPHEN DR,40258.0,2020/07/30 03:59:59+00,7,FIELD
783.0,700601.0,2020/07/04 03:59:59+00,JOE'S OLDER THAN DIRT,8131 NEW LAGRANGE RD,40222.0,2020/07/04 03:59:59+00,7,FIELD
784.0,700660.0,2020/07/07 03:59:59+00,THORNTONS #24,3726 TAYLORSVILLE RD,40220.0,2020/07/13 03:59:59+00,7,FIELD
785.0,700726.0,2020/07/08 03:59:59+00,WYANDOTTE TAVERN,3700 TAYLOR BLVD,40215.0,2020/07/09 03:59:59+00,7,FIELD
786.0,700775.0,2020/07/04 03:59:59+00,RED LOBSTER,4639 OUTER LOOP,40219.0,2020/07/04 03:59:59+00,7,FIELD
787.0,700818.0,2020/07/09 03:59:59+00,BLUE LICK BASEBALL AND SOFTBALL FIELD,4613 MUD LN,40229.0,2020/09/29 03:59:59+00,7,FIELD
788.0,700943.0,2020/07/10 03:59:59+00,VIRTUE,103 W OAK ST,40202.0,2020/07/13 03:59:59+00,7,FIELD
789.0,701032.0,2020/07/11 03:59:59+00,MEIJER #166,9500 PRESTON HWY,40229.0,2020/07/27 03:59:59+00,7,FIELD
790.0,701049.0,2020/07/13 03:59:59+00,JEFFERSON COUNTY CLERK'S OFFICE,7813 BEULAH CHURCH RD UNIT 101,40228.0,2020/08/04 03:59:59+00,7,FIELD
791.0,701064.0,2020/07/13 03:59:59+00,DOMINO'S PIZZA #1424,812 EASTERN PKWY,40217.0,2020/07/14 03:59:59+00,7,FIELD
792.0,701066.0,2020/07/13 03:59:59+00,KROGER L-346,3039 BRECKENRIDGE LN,40220.0,2020/07/14 03:59:59+00,7,FIELD
793.0,701218.0,2020/07/14 03:59:59+00,WALGREENS #4216,5201 S 3RD ST,40214.0,2020/07/16 03:59:59+00,7,FIELD
794.0,701344.0,2020/07/15 03:59:59+00,KROGER L-780,10645 DIXIE HWY,40272.0,2020/07/16 03:59:59+00,7,FIELD
795.0,701425.0,2020/07/16 03:59:59+00,BUMPER TO BUMPER,4106 BISHOP LN,40218.0,2020/07/20 03:59:59+00,7,FIELD
796.0,701503.0,2020/07/17 03:59:59+00,LEES LANE BAPTIST CHURCH,3309 LEES LN,40209.0,2020/08/09 03:59:59+00,7,FIELD
797.0,701819.0,2020/07/20 03:59:59+00,WALGREENS #3756,3980 DIXIE HWY,40216.0,2020/07/22 03:59:59+00,7,FIELD
798.0,701834.0,2020/07/21 03:59:59+00,FAMILY DOLLAR #30270,2124 BANK ST,40212.0,2020/07/22 03:59:59+00,7,FIELD
799.0,701901.0,2020/07/22 03:59:59+00,STANLEY SCHULT COMPANY,849 S 6TH ST,40203.0,2020/07/21 03:59:59+00,7,FIELD
800.0,701962.0,2020/07/21 03:59:59+00,SPEEDWAY #9514,2965 BRECKENRIDGE LN,40220.0,2020/07/23 03:59:59+00,7,FIELD
801.0,698861.0,2020/06/01 03:59:59+00,GOODWILL INDUSTRIES,12616 TAYLORSVILLE RD,40299.0,2020/06/01 03:59:59+00,7,FIELD
802.0,696290.0,2020/04/22 03:59:59+00,E Z FOOD MART,1100 ALGONQUIN PKWY,40208.0,2020/04/23 03:59:59+00,7,FIELD
803.0,699045.0,2020/06/09 03:59:59+00,HOME DEPOT,6840 DIXIE HWY,40258.0,2020/06/17 03:59:59+00,7,FIELD
804.0,696308.0,2020/04/23 03:59:59+00,OLE HICKORY PIT BAR B Q,6006 SHEPHERDSVILLE RD,40228.0,2020/04/24 03:59:59+00,7,FIELD
805.0,699350.0,2020/06/15 03:59:59+00,BURGER KING #542,3701 DIANN MARIE RD,40241.0,2020/06/16 03:59:59+00,7,FIELD
806.0,696338.0,2020/04/24 03:59:59+00,LC INDUSTRIES,1900 BROWNSBORO RD,40206.0,2020/04/28 03:59:59+00,7,FIELD
807.0,698000.0,2020/05/19 03:59:59+00,KROGER L-739,12450 LAGRANGE RD,40245.0,2020/05/20 03:59:59+00,7,FIELD
808.0,700345.0,2020/06/26 03:59:59+00,THORNTONS #34,605 LYNDON LN,40222.0,2020/06/30 03:59:59+00,7,FIELD
809.0,696378.0,2020/04/22 03:59:59+00,RESIDENCE,4412 DANNYWOOD RD,40220.0,2020/04/23 03:59:59+00,7,FIELD
810.0,698097.0,2020/05/20 03:59:59+00,DOLLAR TREE #1944,2221 HIKES LN,40218.0,2020/05/21 03:59:59+00,7,FIELD
811.0,700778.0,2020/07/04 03:59:59+00,GOLDEN CORRAL,8013 PRESTON HWY,40219.0,2020/07/04 03:59:59+00,7,FIELD
812.0,696543.0,2020/04/24 03:59:59+00,ABANDONED RESIDENCE,1112 DIXIE HWY,40210.0,2020/04/27 03:59:59+00,7,FIELD
813.0,698203.0,2020/05/22 03:59:59+00,EMW WOMEN'S SURGICAL CENTER,136 W MARKET ST,40203.0,2020/05/26 03:59:59+00,7,FIELD
814.0,700785.0,2020/07/04 03:59:59+00,CHICK-FIL-A,4801 OUTER LOOP FC2,40219.0,2020/07/04 03:59:59+00,7,FIELD
815.0,696568.0,2020/04/27 03:59:59+00,JIMMY JOHN'S,3507 POPLAR LEVEL RD,40213.0,2020/04/28 03:59:59+00,7,FIELD
816.0,698204.0,2020/05/22 03:59:59+00,EMW WOMEN'S SURGICAL CENTER,136 W MARKET ST,40202.0,2020/05/26 03:59:59+00,7,FIELD
817.0,700822.0,2020/07/09 03:59:59+00,CIRCLE K #4703232,13401 DIXIE HWY,40272.0,2020/07/10 03:59:59+00,7,FIELD
818.0,696622.0,2020/04/28 03:59:59+00,HAPPY CHINA,9128 TAYLORSVILLE RD,40299.0,2020/04/29 03:59:59+00,7,FIELD
819.0,698209.0,2020/05/22 03:59:59+00,BENNETT & BLOOM EYE CARE,1935 BLUEGRASS AVE,40215.0,2020/06/16 03:59:59+00,7,FIELD
820.0,700828.0,2020/07/09 03:59:59+00,BURGER KING #885,4030 SHELBYVILLE RD,40207.0,2020/07/13 03:59:59+00,7,FIELD
821.0,696853.0,2020/04/30 03:59:59+00,CHEWY'S PHARMACY,3621 FERN VALLEY ROAD,40219.0,2020/05/01 03:59:59+00,7,FIELD
822.0,698270.0,2020/05/22 03:59:59+00,KINGS FRIED CHICKEN,1302 DIXIE HWY,40210.0,2020/05/26 03:59:59+00,7,FIELD
823.0,700970.0,2020/07/11 03:59:59+00,PATRICK'S LIQUOR BAR,3202 FRANKFORT AVE,40206.0,2020/07/11 03:59:59+00,7,FIELD
824.0,696912.0,2020/05/01 03:59:59+00,ADVANCED ENT & ALLERGY CLINIC,2944 BRECKENRIDGE LN,40220.0,2020/05/01 03:59:59+00,7,FIELD
825.0,698295.0,2020/05/26 03:59:59+00,FIRST UROLOGY,3 AUDABON PLAZA DR STE 310,40217.0,2020/06/02 03:59:59+00,7,FIELD
826.0,701011.0,2020/07/13 03:59:59+00,CIRCLE K #4703223,9901 LAGRANGE RD,40223.0,2020/07/14 03:59:59+00,7,FIELD
827.0,697065.0,2020/05/04 03:59:59+00,WALMART #1170,10445 DIXIE HWY,40272.0,2020/05/05 03:59:59+00,7,FIELD
828.0,698342.0,2020/05/26 03:59:59+00,BEEF O'BRADY'S,11324 PRESTON HWY,40229.0,2020/06/02 03:59:59+00,7,FIELD
829.0,701042.0,2020/07/11 03:59:59+00,CARRABBA'S ITALIAN GRILL #6801,617 S HURSTBOURNE PKWY,40223.0,2020/07/15 03:59:59+00,7,FIELD
830.0,697131.0,2020/05/05 03:59:59+00,POST OFFICE,6121 GREENWOOD RD,40258.0,2020/05/08 03:59:59+00,7,FIELD
831.0,698390.0,2020/05/27 03:59:59+00,CULVER'S,11801 INTERCHANGE DR,40229.0,2020/06/02 03:59:59+00,7,FIELD
832.0,701088.0,2020/07/13 03:59:59+00,THORNTONS #56,8400 DIXIE HWY,40258.0,2020/07/14 03:59:59+00,7,FIELD
833.0,697134.0,2020/05/05 03:59:59+00,TARC 31 MIDDLE TOWN EAST BOUND,1000 W BROADWAY,40203.0,2020/05/13 03:59:59+00,7,FIELD
834.0,698456.0,2020/05/28 03:59:59+00,EMW WOMEN'S SUGICAL CENTER,136 W MARKET ST,40202.0,2020/06/05 03:59:59+00,7,FIELD
835.0,701107.0,2020/07/13 03:59:59+00,KROGER L-729,3616 BUECHEL BYPASS,40218.0,2020/07/14 03:59:59+00,7,FIELD
836.0,697227.0,2020/05/06 03:59:59+00,CONSTRUCTION WORKERS,4000 TAYLORSVILLE ROAD,40220.0,2020/05/12 03:59:59+00,7,FIELD
837.0,698778.0,2020/06/02 03:59:59+00,WHITE CASTLE #43,4020 SHELBYVILLE RD,40207.0,2020/06/03 03:59:59+00,7,FIELD
838.0,701124.0,2020/07/13 03:59:59+00,TACO BELL #36164,7420 WESTPORT RD,40222.0,2020/07/14 03:59:59+00,7,FIELD
839.0,697267.0,2020/05/06 03:59:59+00,MOBY DICK,6332 BARDSTOWN RD,40291.0,2020/05/07 03:59:59+00,7,FIELD
840.0,698877.0,2020/06/04 03:59:59+00,WAFFLE HOUSE #1568,4029 TAYLORSVILLE RD,40220.0,2020/06/05 03:59:59+00,7,FIELD
841.0,701184.0,2020/07/14 03:59:59+00,HOME DEPOT,6840 DIXIE HWY,40258.0,2020/08/10 03:59:59+00,7,FIELD
842.0,697343.0,2020/05/08 03:59:59+00,AMERICAN METALS SUPPLY,1250 OLD FERN VALLEY RD,40219.0,2020/05/11 03:59:59+00,7,FIELD
843.0,699048.0,2020/06/10 03:59:59+00,COSTCO,3408 BARDSTOWN RD,40218.0,2020/06/10 03:59:59+00,7,FIELD
844.0,693465.0,2020/03/24 03:59:59+00,PROTESTER,140 W MARKET ST,40202.0,2020/03/25 03:59:59+00,7,FIELD
845.0,697450.0,2020/05/11 03:59:59+00,MORTENSON FAMILY DENTAL,4311 BARDSTOWN RD UNIT #102,40218.0,2020/05/12 03:59:59+00,7,FIELD
846.0,699125.0,2020/06/11 03:59:59+00,ST MARY & ELIZABETH HOSPITAL,1850 BLUEGRASS AVE,40215.0,2020/07/16 03:59:59+00,7,FIELD
847.0,694414.0,2020/04/01 03:59:59+00,E Z DUZ IT CENTER,6605 LOWER HUNTERS TRCE,40258.0,2020/04/02 03:59:59+00,7,FIELD
848.0,697584.0,2020/05/12 03:59:59+00,THORNTONS #102,3909 TAYLORSVILLE RD,40299.0,2020/05/13 03:59:59+00,7,FIELD
849.0,700054.0,2020/06/25 03:59:59+00,BISCUIT BELLY,5207 NEW CUT RD,40214.0,2020/06/26 03:59:59+00,7,FIELD
850.0,694514.0,2020/04/01 03:59:59+00,RESIDENT,4311 ROCKWOOD DR,40220.0,2020/04/01 03:59:59+00,7,FIELD
851.0,697867.0,2020/05/13 03:59:59+00,RESIDENCE,9806 VIEUX CARRE DR,40223.0,2020/05/15 03:59:59+00,7,FIELD
852.0,700266.0,2020/06/27 03:59:59+00,COSTCO,3408 BARDSTOWN RD,40218.0,2020/06/30 03:59:59+00,7,FIELD
853.0,695110.0,2020/04/08 03:59:59+00,LITTLE CAESARS,3121 S 2ND ST,40208.0,2020/04/18 03:59:59+00,7,FIELD
854.0,695227.0,2020/04/10 03:59:59+00,MASSEY BOOKKEEPING,7562 DIXIE HIGHWAY,40258.0,2020/04/14 03:59:59+00,7,FIELD
855.0,695376.0,2020/04/08 03:59:59+00,EVANS WAREHOUSE,1480 S 13TH ST,40210.0,2020/04/10 03:59:59+00,7,FIELD
856.0,695433.0,2020/04/13 03:59:59+00,SHALOM BEAUTY SUPPLY,5007 PRESTON HWY,40213.0,2020/04/14 03:59:59+00,7,FIELD
857.0,695599.0,2020/04/07 03:59:59+00,WHITENEY TRABUE,"752 S CLAY STREET, UNIT 202",40203.0,2020/04/10 03:59:59+00,7,FIELD
858.0,695727.0,2020/04/16 03:59:59+00,WALGREENS #3677,12101 SHELBYVILLE RD,40243.0,2020/04/16 03:59:59+00,7,FIELD
859.0,696043.0,2020/04/20 03:59:59+00,TOUCH OF COLOR COLLISION CENTER,4734 ROCKFORD PLAZA,40216.0,2020/04/21 03:59:59+00,7,FIELD
860.0,696269.0,2020/04/20 03:59:59+00,ICE CREAM TRUCK,0 INDIANA AVE,40213.0,2020/04/22 03:59:59+00,7,FIELD
861.0,696280.0,2020/04/22 03:59:59+00,TEA STATION CHINESE BISTRO,9422 NORTON COMMONS BLVD,40059.0,2020/04/24 03:59:59+00,7,FIELD
862.0,696302.0,2020/04/22 03:59:59+00,COSTCO,3408 BARDSTOWN RD,40218.0,2020/04/24 03:59:59+00,7,FIELD
863.0,696388.0,2020/04/24 03:59:59+00,KU SOO DHAWAADA SANAAG COFFEE,5324 S 3RD ST,40214.0,2020/04/29 03:59:59+00,7,FIELD
864.0,696439.0,2020/04/24 03:59:59+00,WENDYS,8596 DIXIE HWY,40258.0,2020/04/25 03:59:59+00,7,FIELD
865.0,696509.0,2020/04/24 03:59:59+00,PROSOURCE WHOLESALE,330 GILMORE INDUSTRIAL BLVD,40213.0,2020/04/24 03:59:59+00,7,FIELD
866.0,696211.0,2020/04/22 03:59:59+00,MOSBYS TOWING,3119 DIXIE HWY,40216.0,2020/04/23 03:59:59+00,7,FIELD
867.0,696550.0,2020/04/27 03:59:59+00,DIAMOND STATION,2280 BARDSTOWN RD,40205.0,2020/04/29 03:59:59+00,7,FIELD
868.0,696624.0,2020/04/28 03:59:59+00,HEINE BROTHERS COFFEE,2714 FRANKFORT AVE,40206.0,2020/04/29 03:59:59+00,7,FIELD
869.0,696901.0,2020/04/30 03:59:59+00,WOLVERINE WORLDWIDE,6001 CANE RUN RD,40258.0,2020/10/28 03:59:59+00,7,FIELD
870.0,696914.0,2020/05/01 03:59:59+00,PARTY MART,3050 BARDSTOWN RD,40205.0,2020/05/02 03:59:59+00,7,FIELD
871.0,696916.0,2020/05/01 03:59:59+00,AIR B&B HOME,15612 BECKLEY HILLS DR,40245.0,2020/05/01 03:59:59+00,7,FIELD
872.0,696921.0,2020/04/30 03:59:59+00,ARBY'S,2956 BRECKENRIDGE LN,40220.0,2020/05/01 03:59:59+00,7,FIELD
873.0,696930.0,2020/05/01 03:59:59+00,FAMILY DOLLAR #24110,6621 SOUTHSIDE DR,40214.0,2020/05/02 03:59:59+00,7,FIELD
874.0,696934.0,2020/05/01 03:59:59+00,RESIDENT,"12401 BROTHERS AVENUE, UNIT 101",40243.0,2020/05/04 03:59:59+00,7,FIELD
875.0,697020.0,2020/05/04 03:59:59+00,FIVE POINTS FOOD MART,4548 TAYLORSVILLE RD,40220.0,2020/05/05 03:59:59+00,7,FIELD
876.0,697047.0,2020/05/04 03:59:59+00,ADVANCED AUTO PARTS,12001 SHELBYVILLE ROAD,40243.0,2020/05/04 03:59:59+00,7,FIELD
877.0,697059.0,2020/05/04 03:59:59+00,SEATONVILLE PLAZA,6519 BARDSTOWN RD,40291.0,2020/05/05 03:59:59+00,7,FIELD
878.0,697115.0,2020/05/05 03:59:59+00,JUSTFAB FC,8161 NATIONAL TPKE,40214.0,2020/05/07 03:59:59+00,7,FIELD
879.0,697162.0,2020/05/04 03:59:59+00,NORTON COMMONS NEIGHBORHOOD,9414 NORTON COMMONS,40059.0,2020/05/05 03:59:59+00,7,FIELD
880.0,697258.0,2020/05/05 03:59:59+00,FRISCH'S BIG BOY #153,1710 LINCOLN AVE,40213.0,2020/05/07 03:59:59+00,7,FIELD
881.0,697314.0,2020/05/07 03:59:59+00,CULVER'S OF LOUISVILLE,4630 S HURSTBOURNE PKWY,40299.0,2020/05/08 03:59:59+00,7,FIELD
882.0,697426.0,2020/05/11 03:59:59+00,MCDONALD'S,207 W BROADWAY,40202.0,2020/05/12 03:59:59+00,7,FIELD
883.0,697443.0,2020/05/11 03:59:59+00,INDI'S RESTAURANT,3820 W MARKET ST,40212.0,2020/05/13 03:59:59+00,7,FIELD
884.0,697487.0,2020/05/11 03:59:59+00,TIRES NOW,"5100 JEFF COMMERCE DRIVE, UNIT 101",40219.0,2020/05/12 03:59:59+00,7,FIELD
885.0,697672.0,2020/05/13 03:59:59+00,DARE TO CARE FOOD BANK,5803 FERN VALLEY RD,40228.0,2020/05/14 03:59:59+00,7,FIELD
886.0,697357.0,2020/05/08 03:59:59+00,MASTERBRAND CABINETS,6403 NEW CUT RD,40118.0,2020/05/09 03:59:59+00,7,FIELD
887.0,697923.0,2020/05/18 03:59:59+00,KROGER L-753,1265 GOSS AVE,40217.0,2020/05/19 03:59:59+00,7,FIELD
888.0,696218.0,2020/04/22 03:59:59+00,GREEN HAVEN CEMETERY,4707 FEGENBUSH LN,40228.0,2020/04/23 03:59:59+00,7,FIELD
889.0,697926.0,2020/05/18 03:59:59+00,MCDONALD'S,8600 CITADEL WAY,40220.0,2020/05/19 03:59:59+00,7,FIELD
890.0,696267.0,2020/04/21 03:59:59+00,RESIDENCE,2547 RIDGEWOOD AVE,40217.0,2020/04/22 03:59:59+00,7,FIELD
891.0,697937.0,2020/05/18 03:59:59+00,DOLLAR TREE,2815 W BROADWAY,40211.0,2020/05/19 03:59:59+00,7,FIELD
892.0,696359.0,2020/04/24 03:59:59+00,SOUTHEAST CHRISTIAN CHURCH,920 BLANKENBAKER PKWY,40299.0,2020/04/24 03:59:59+00,7,FIELD
893.0,697968.0,2020/05/19 03:59:59+00,EMW WOMEN'S SURGICAL CENTER,136 W MARKET ST,40202.0,2020/05/19 03:59:59+00,7,FIELD
894.0,696387.0,2020/04/24 03:59:59+00,LONG JOHN SILVER'S #14,3407 W BROADWAY,40211.0,2020/04/25 03:59:59+00,7,FIELD
895.0,697983.0,2020/05/19 03:59:59+00,EMW WOMEN'S SURGICAL CENTER,136 W MARKET ST,40202.0,2020/05/19 03:59:59+00,7,FIELD
896.0,696407.0,2020/04/24 03:59:59+00,CENTER FOR BEHAVIORAL HEALTH,1402 BROWNS LANE,40207.0,2020/04/28 03:59:59+00,7,FIELD
897.0,700480.0,2020/07/02 03:59:59+00,MCDONALD'S #1733,4445 CANE RUN RD,40216.0,2020/07/02 03:59:59+00,7,FIELD
898.0,698162.0,2020/05/21 03:59:59+00,PATTY GLASS,6200 FEGENBUSH LN,40228.0,2020/05/27 03:59:59+00,7,FIELD
899.0,696408.0,2020/04/24 03:59:59+00,AIR BNB,1919 MAPLEWOOD PLACE,40205.0,2020/04/27 03:59:59+00,7,FIELD
900.0,700848.0,2020/07/09 03:59:59+00,HARDEE'S #1506356,11201 OSCAR RD,40241.0,2020/07/14 03:59:59+00,7,FIELD
901.0,698271.0,2020/05/23 03:59:59+00,CIRCLE K #4700111,9200 DIXIE HWY,40272.0,2020/05/26 03:59:59+00,7,FIELD
902.0,696551.0,2020/04/27 03:59:59+00,PORKLAND BBQ,2519 ST. CECILIA ST,40212.0,2020/04/28 03:59:59+00,7,FIELD
903.0,700938.0,2020/07/10 03:59:59+00,MCDONALD'S #1733,4445 CANE RUN RD,40216.0,2020/07/20 03:59:59+00,7,FIELD
904.0,698614.0,2020/05/29 03:59:59+00,LEE'S FAMOUS RECIPE,5059 POPLAR LEVEL RD,40219.0,2020/06/04 03:59:59+00,7,FIELD
905.0,696781.0,2020/04/29 03:59:59+00,MCDONALD'S,6400 GREENWOOD RD,40258.0,2020/05/01 03:59:59+00,7,FIELD
906.0,700945.0,2020/07/10 03:59:59+00,RUMORS,12339 SHELBYVILLE RD,40243.0,2020/07/13 03:59:59+00,7,FIELD
907.0,698942.0,2020/06/06 03:59:59+00,WALMART #5297,143 THIERMAN LN,40207.0,2020/06/09 03:59:59+00,7,FIELD
908.0,699691.0,2020/06/22 03:59:59+00,EMW WOMEN'S SURGICAL CENTER,136 W MARKET ST,40202.0,2020/06/23 03:59:59+00,7,FIELD
909.0,699693.0,2020/06/22 03:59:59+00,HOME CENTER DEPARTMENT STORE,3210 HARTLAGE CT,40216.0,2020/06/25 03:59:59+00,7,FIELD
910.0,699714.0,2020/06/22 03:59:59+00,DAILY MART,1320 DIXIE HWY,40210.0,2020/06/25 03:59:59+00,7,FIELD
911.0,699940.0,2020/06/24 03:59:59+00,PENN STATION,3035 PRESTON HWY,40217.0,2020/06/25 03:59:59+00,7,FIELD
912.0,700025.0,2020/06/25 03:59:59+00,PRICELESS FOODS,7813 BEULAH CHURCH RD,40228.0,2020/06/26 03:59:59+00,7,FIELD
913.0,700267.0,2020/06/27 03:59:59+00,TACO CITY LOUISVILLE,1283 BARDSTOWN RD,40204.0,2020/06/30 03:59:59+00,7,FIELD
914.0,700290.0,2020/06/29 03:59:59+00,JTOWN BEACH,10315 WATTERSON TRAIL,40299.0,2020/07/01 03:59:59+00,7,FIELD
915.0,700467.0,2020/07/01 03:59:59+00,ALTITUDE TRAMPOLINE PARK,4420 DIXIE HWY #220,40216.0,2020/07/08 03:59:59+00,7,FIELD
916.0,700755.0,2020/07/08 03:59:59+00,SPEEDWAY #8132,2300 BROWNSBORO RD,40207.0,2020/07/09 03:59:59+00,7,FIELD
917.0,700773.0,2020/07/04 03:59:59+00,CHEDDAR'S SCRATCH KITCHEN #2142,3521 OUTER LOOP,40219.0,2020/07/04 03:59:59+00,7,FIELD
918.0,700791.0,2020/07/05 03:59:59+00,WAFFLE HOUSE #1887,10563 DIXIE HWY,40272.0,2020/07/05 03:59:59+00,7,FIELD
919.0,700814.0,2020/07/09 03:59:59+00,UPS,1920 OUTER LOOP,40219.0,2020/09/01 03:59:59+00,7,FIELD
920.0,700815.0,2020/07/09 03:59:59+00,CHAMPION GYM,11100 PLANTSIDE,40299.0,2020/07/15 03:59:59+00,7,FIELD
921.0,700996.0,2020/07/10 03:59:59+00,CHAMPION GYMNASTICS,11100 PLANTSIDE DR,40299.0,2020/07/15 03:59:59+00,7,FIELD
922.0,694400.0,2020/04/01 03:59:59+00,WATERLOJIC,11385 DECIMAL DR,40299.0,2020/04/03 03:59:59+00,7,FIELD
923.0,694427.0,2020/04/02 03:59:59+00,UPS,911 GRADE LN,40213.0,2020/04/02 03:59:59+00,7,FIELD
924.0,694632.0,2020/04/04 03:59:59+00,LOWES HOME IMPROVEMENT,9800 PRESTON CROSSING BLVD,40229.0,2020/04/04 03:59:59+00,7,FIELD
925.0,694635.0,2020/04/04 03:59:59+00,WALMART #1170,10445 DIXIE HWY,40272.0,2020/04/04 03:59:59+00,7,FIELD
926.0,695208.0,2020/04/09 03:59:59+00,SAM'S SEAFOOD,4918 POPLAR LEVEL RD,40219.0,2020/04/15 03:59:59+00,7,FIELD
927.0,695378.0,2020/04/08 03:59:59+00,RESIDENT,1662 RUSSELL LEE DR,40211.0,2020/04/10 03:59:59+00,7,FIELD
928.0,695434.0,2020/04/13 03:59:59+00,WALMART #5418,2020 BASHFORD MANOR LN,40218.0,2020/04/15 03:59:59+00,7,FIELD
929.0,695465.0,2020/04/14 03:59:59+00,LAUNDRY CONNECTION,2600 W BROADWAY,40211.0,2020/04/21 03:59:59+00,7,FIELD
930.0,695509.0,2020/04/14 03:59:59+00,DERBY CITY UPHOLSTERY,10920 PLANTSIDE DR,40299.0,2020/04/14 03:59:59+00,7,FIELD
931.0,700951.0,2020/07/13 03:59:59+00,SOUTHERN HIGH SCHOOL TESTING SITE,8620 PRESTON HWY,40219.0,2020/07/31 03:59:59+00,7,FIELD
932.0,696835.0,2020/04/30 03:59:59+00,CHICKEN KING,639 E BROADWAY,40202.0,2020/04/30 03:59:59+00,7,FIELD
933.0,697437.0,2020/05/11 03:59:59+00,WALMART #3294,7101 CEDAR SPRINGS BLVD,40291.0,2020/05/11 03:59:59+00,7,FIELD
934.0,696856.0,2020/04/30 03:59:59+00,URBAN STRATEGY,500 E JEFFERSON STREET,40202.0,2020/05/01 03:59:59+00,7,FIELD
935.0,697486.0,2020/05/12 03:59:59+00,SPEEDWAY #9701,8510 NATIONAL TURNPIKE,40118.0,2020/05/14 03:59:59+00,7,FIELD
936.0,697068.0,2020/05/04 03:59:59+00,KFC TACO BELL Y052-016,5012 S 3RD ST,40214.0,2020/05/05 03:59:59+00,7,FIELD
937.0,697555.0,2020/05/12 03:59:59+00,LEARNING EXPRESS,12619 SHELBYVILLE RD,40243.0,2020/05/13 03:59:59+00,7,FIELD
938.0,697083.0,2020/05/05 03:59:59+00,RESTAURANT DEPOT,620 LOCUST LN,40217.0,2020/05/11 03:59:59+00,7,FIELD
939.0,697562.0,2020/05/12 03:59:59+00,DERBY CITY ANTIQUE MALL,3819 BARDSTOWN RD,40218.0,2020/05/14 03:59:59+00,7,FIELD
940.0,697086.0,2020/05/04 03:59:59+00,GE APPLIANCE PARK,4000 BUECHEL BANK RD,40218.0,2020/04/22 03:59:59+00,7,FIELD
941.0,697615.0,2020/05/13 03:59:59+00,DOMINO'S PIZZA #1425,9409 WESTPORT RD,40222.0,2020/05/15 03:59:59+00,7,FIELD
942.0,697209.0,2020/05/05 03:59:59+00,SPECTRUM,1041 BARDSTOWN RD,40204.0,2020/05/08 03:59:59+00,7,FIELD
943.0,697969.0,2020/05/19 03:59:59+00,EMW WOMEN'S SURGICAL CENTER,136 W MARKET ST,40202.0,2020/05/19 03:59:59+00,7,FIELD
944.0,697308.0,2020/05/07 03:59:59+00,FIRST UROLOGY,3920 S. DUPONT RD,40207.0,2020/05/08 03:59:59+00,7,FIELD
945.0,698071.0,2020/05/20 03:59:59+00,GOODWILL,4224 SHELBYVILLE RD,40207.0,2020/05/21 03:59:59+00,7,FIELD
946.0,697511.0,2020/05/12 03:59:59+00,SPEEDWAY #9710,7933 FEGENBUSH LN,40228.0,2020/05/13 03:59:59+00,7,FIELD
