object_id(long),reqid(long),request_date,personpremise,address_one,zip(double precision),activity_date,activitytypeid(long),activity_type_desc
19.0,699031.0,2020/06/09 03:59:59+00,TACO BELL,1801 S BROOK ST,40208.0,2020/06/09 03:59:59+00,7,FIELD
8.0,699162.0,2020/06/10 03:59:59+00,BURGER KING #891,11300 PRESTON HWY,40229.0,2020/06/26 03:59:59+00,7,FIELD
15.0,699324.0,2020/06/15 03:59:59+00,DOMINO'S PIZZA #1435,7924 FEGENBUSH LN,40228.0,2020/06/19 03:59:59+00,7,FIELD
203.0,695525.0,2020/06/19 03:59:59+00,ROOSTERS,5338 BARDSTOWN RD,40291.0,2020/06/22 03:59:59+00,7,FIELD
19.0,699942.0,2020/06/24 03:59:59+00,DUNDEE TAVERN,2224 DUNDEE RD,40205.0,2020/06/25 03:59:59+00,7,FIELD
1.0,699961.0,2020/06/24 03:59:59+00,NORTON BROWNSBORO HOSPITAL,4960 NORTON HEALTHCARE BLVD,40241.0,2020/06/24 03:59:59+00,7,FIELD
9.0,700204.0,2020/06/29 03:59:59+00,PRO FITNESS TRAINING STUDIO,11740 SHELBYVILLE RD,40243.0,2020/07/01 03:59:59+00,7,FIELD
4.0,701025.0,2020/07/11 03:59:59+00,THIRD STREET GAS STATION,5620 S 3RD ST,40214.0,2020/07/14 03:59:59+00,7,FIELD
11.0,701109.0,2020/07/13 03:59:59+00,BURGER KING #544,1820 BLANKENBAKER PKWY,40299.0,2020/07/16 03:59:59+00,7,FIELD
6.0,701267.0,2020/07/04 03:59:59+00,DOMINO'S PIZZA #1424,812 EASTERN PKWY,40217.0,2020/07/04 03:59:59+00,7,FIELD
4.0,701269.0,2020/07/04 03:59:59+00,SUNERGOS COFFEE,2122 S PRESTON ST,40217.0,2020/07/04 03:59:59+00,7,FIELD
4.0,694607.0,2020/07/04 03:59:59+00,WHITE CASTLE #10,793 EASTERN PKWY,40217.0,2020/07/04 03:59:59+00,7,FIELD
4.0,701275.0,2020/07/03 03:59:59+00,SUBWAY,1229 GOSS AVE,40217.0,2020/07/03 03:59:59+00,7,FIELD
72.0,695362.0,2020/03/23 03:59:59+00,CONSTRUCTION SITE,1741 FRANKFORT AVE,40206.0,2020/03/26 03:59:59+00,7,FIELD
545.0,695362.0,2020/03/27 03:59:59+00,MIKE LINNIG'S RESTAURANT,9308 CANE RUN RD,40258.0,2020/03/31 03:59:59+00,7,FIELD
58.0,695464.0,2020/04/02 03:59:59+00,UPS,2220 OUTER LOOP,40219.0,2020/04/07 03:59:59+00,7,FIELD
5.0,694714.0,2020/04/02 03:59:59+00,UNKNOWN,3 COLONIAL OAKS CT UNIT 4,40214.0,2020/04/04 03:59:59+00,7,FIELD
15.0,695101.0,2020/04/08 03:59:590+0,ROSENBURG REYES MEDICAL,320 W. WOODLAWN AVENUE,40214.0,2020/05/08 03:59:59+00,7,FIELD
19.0,694829.0,2020/04/09 03:59:59+00,RESIDENT,817 COLONEL ANDERSON PKWY,40222.0,2020/04/10 03:59:59+00,7,FIELD
19.0,695442.0,2020/04/13 03:59:59+00,O'CHARLEY'S,962 BRECKENRIDGE LN,40207.0,2020/04/14 03:59:59+00,7,FIELD
15.0,695486.0,2020/04/14 03:59:59+00,INTERTECH MECHANICAL SERVICES,5836 FERN VALLEY RD,40228.0,2020/04/14 03:59:59+00,7,FIELD
8.0,695385.0,2020/04/14 03:59:59+00,VALU MARKET,7519 OUTER LOOP,40228.0,2020/04/15 03:59:59+00,7,FIELD
1.0,695617.0,2020/04/15 03:59:59+00,ACE'S SLUSHIE WORLD,1821 W BROADWAY,40203.0,2020/04/16 03:59:59+00,7,FIELD
1.0,695019.0,2020/04/16 03:59:59+00,BOYS HAVEN,3725 KLONDIKE LANE,40220.0,2020/04/17 03:59:59+00,7,FIELD
19.0,695890.0,2020/04/17 03:59:59+00,PAUL'S FRUIT MARKET #4,4946 BROWNSBORO RD,40222.0,2020/04/18 03:59:59+00,7,FIELD
4.0,695896.0,2020/04/17 03:59:59+00,WHITE CASTLE #31,5520 NATIONAL TURNPIKE,40220.0,2020/04/20 03:59:59+00,7,FIELD
21.0,696004.0,2020/04/20 03:59:59+00,CASH AMERICAN,4133 SHELBYVILLE RD,40207.0,2020/04/21 03:59:59+00,7,FIELD
100.0,694607.0,2020/04/21 03:59:59+00,ST ELIZABETH ANN SETON,11501 MAPLE WAY,40229.0,2020/04/21 03:59:59+00,7,FIELD
21.0,694689.0,2020/04/06 03:59:59+00,BANADIR RESTAURANT,5600 S 3RD ST,40214.0,2020/06/22 03:59:59+00,7,FIELD
11.0,702013.0,2020/07/23 03:59:59+00,AUTO ZONE,5115 NEW CUT RD,40214.0,2020/08/31 03:59:59+00,7,FIELD
1.0,702143.0,2020/07/24 03:59:59+00,LEE'S FAMOUS RECIPE,2925 BROWNSBORO RD,40206.0,2020/07/27 03:59:59+00,7,FIELD
26.0,696106.0,2020/07/27 03:59:59+00,ST MARY AND ELIZABETH,1850 BLUEGRASS AVE,40215.0,2020/09/16 03:59:59+00,7,FIELD
15.0,702290.0,2020/07/27 03:59:59+00,WALMART #1170,10445 DIXIE HWY,40272.0,2020/07/28 03:59:59+00,7,FIELD
2.0,702292.0,2020/07/27 03:59:59+00,GRAB & GO,10501 DIXIE HWY,40272.0,2020/07/28 03:59:59+00,7,FIELD
4.0,702293.0,2020/07/27 03:59:59+00,RALLY'S,2130 W BROADWAY,40211.0,2020/07/29 03:59:59+00,7,FIELD
3.0,695082.0,2020/07/28 03:59:59+00,POST OFFICE,3050 HUNSINGER LANE,40220.0,2020/08/05 03:59:59+00,7,FIELD
4.0,693687.0,2020/03/24 03:59:59+00,INDI'S RESTAURANT,4419 CANE RUN RD,40216.0,2020/03/26 03:59:59+00,7,FIELD
3.0,693829.0,2020/03/27 03:59:59+00,UNKNOWN,3600 W MUHAMMAD ALI BLVD,40212.0,2020/03/27 03:59:59+00,7,FIELD
11.0,695525.0,2020/03/31 03:59:59+00,LOWE'S STORE,6651 DIXIE HWY,40258.0,2020/04/01 03:59:59+00,7,FIELD
20.0,694517.0,2020/04/01 03:59:59+00,RESIDENT,5016 HAMES TRACE,40291.0,2020/04/01 03:59:59+00,7,FIELD
3.0,694759.0,2020/04/06 03:59:59+00,POPEYE'S,7528 DIXIE HWY,40258.0,2020/04/07 03:59:59+00,7,FIELD
5.0,695261.0,2020/04/11 03:59:59+00,PIC PArC,6629 SOUTHSIDE DR,40272.0,2020/04/28 03:59:59+00,7,FIELD
4.0,694502.0,2020/04/10 03:59:59+00,CIRCUS AUTO SALES,4639 DIXIE HWY,40216.0,2020/04/14 03:59:59+00,7,FIELD
4.0,695417.0,2020/04/13 03:59:59+00,RESIDENT,1015 REEVES RD,40219.0,2020/04/14 03:59:59+00,7,FIELD
8.0,695440.0,2020/04/13 03:59:59+00,WILDWOOD COUNTRY CLUB,5000 BARDSTOWN RD,40291.0,2020/04/14 03:59:59+00,7,FIELD
519.0,697045.0,2020/04/13 03:59:59+00,KROGER L-780,10645 DIXIE HWY,40272.0,2020/04/15 03:59:59+00,7,FIELD
7.0,694957.0,2020/04/14 03:59:59+00,POPEYE'S,5003 PRESTON HWY,40213.0,2020/04/15 03:59:59+00,7,FIELD
261.0,694502.0,2020/04/15 03:59:59+00,AUNT BEES LAUNDRY,5701 PRESTON HWY,40219.0,2020/04/16 03:59:59+00,7,FIELD
1.0,695659.0,2020/04/15 03:59:59+00,CERTIFIT,1000 GLENGARRY DR,40118.0,2020/04/16 03:59:59+00,7,FIELD
1.0,695724.0,2020/04/16 03:59:59+00,MCDONALD'S #0258,5600 PRESTON HWY,40219.0,2020/04/16 03:59:59+00,7,FIELD
233.0,696834.0,2020/04/16 03:59:59+00,APARTMENT COMPLEX,1501 BELLAMY PLACE,40208.0,2020/04/23 03:59:59+00,7,FIELD
9.0,695742.0,2020/04/13 03:59:59+00,APARTMENT COMPLEX,2304 WOODBOURNE AVE,40205.0,2020/04/14 03:59:59+00,7,FIELD
26.0,695744.0,2020/04/10 03:59:59+00,RESIDENT,1002 WASHLAND AVE,40215.0,2020/04/15 03:59:59+00,7,FIELD
1.0,695751.0,2020/04/08 03:59:59+00,RESIDENT,7103 YORKTOWN RD UNIT 5,40214.0,2020/04/15 03:59:59+00,7,FIELD
2.0,695898.0,2020/04/17 03:59:59+00,EL NOPAL,3945 TAYLORSVILLE RD,40220.0,2020/04/20 03:59:59+00,7,FIELD
34.0,695900.0,2020/04/17 03:59:59+00,GLEN OAKS COUNTRY CLUB,10601 WORTHINGTON LN,40059.0,2020/04/21 03:59:59+00,7,FIELD
6.0,696017.0,2020/04/20 03:59:59+00,NEW CONSTRUCTION,5708 VALLEY PARK DRIVE,40299.0,2020/04/20 03:59:59+00,7,FIELD
3.0,695169.0,2020/04/20 03:59:59+00,MIRROR GLAZE,4719 PRESTON HIGHWAY,40213.0,2020/04/25 03:59:59+00,7,FIELD
4.0,696224.0,2020/04/22 03:59:59+00,HENKLE DHL,7101 LOGISTIRCS DR,40258.0,2020/04/24 03:59:59+00,7,FIELD
3.0,696227.0,2020/04/22 03:59:59+00,MOUNT HERMON CHURCH,5410 ROBBS LANE,40219.0,2020/04/27 03:59:59+00,7,FIELD
201.0,697480.0,2020/04/23 03:59:59+00,ITALIAN GLOBAL SOLUTIONS,111 S 11TH STREET,40203.0,2020/04/25 03:59:59+00,7,FIELD
20.0,696335.0,2020/04/23 03:59:59+00,STARBUCKS #2561,4400 SHELBYVILLE RD,40207.0,2020/04/29 03:59:59+00,7,FIELD
81.0,694957.0,2020/04/22 03:59:59+00,UNKNOWN,114 BRECKINRIDGE SQ,40220.0,2020/04/23 03:59:59+00,7,FIELD
34.0,695466.0,2020/04/27 03:59:59+00,WHOLESALE JIMS,36058 DIXIE HWY,40216.0,2020/04/28 03:59:59+00,7,FIELD
1.0,696548.0,2020/04/27 03:59:59+00,FAMILY DOLLAR #21434,431 W OAK ST,40203.0,2020/04/28 03:59:59+00,7,FIELD
4.0,696585.0,2020/04/23 03:59:59+00,BUSINESS,2600 W BROADWAY,40211.0,2020/04/27 03:59:59+00,7,FIELD
15.0,694531.0,2020/04/29 03:59:59+00,DIFFERENT STROKES GOLF CENTER,3742 RIVER ROAD,40207.0,2020/04/30 03:59:59+00,7,FIELD
463.0,695201.0,2020/04/27 03:59:59+00,VACANT LOT,2027 LYTLE ST,40203.0,2020/04/28 03:59:59+00,7,FIELD
3.0,695466.0,2020/04/27 03:59:59+00,RESIDENCE,408 S 18TH ST,40203.0,2020/04/28 03:59:59+00,7,FIELD
1.0,697052.0,2020/05/04 03:59:59+00,CHICAGO STEAK & LEMONADE,4501 CANE RUN RD,40216.0,2020/05/05 03:59:59+00,7,FIELD
4.0,697078.0,2020/04/30 03:59:59+00,RESIDENCE,2501 S 4TH ST,40208.0,2020/05/01 03:59:59+00,7,FIELD
545.0,695385.0,2020/05/05 03:59:59+00,AIRBNB,1414 WINTER AVE,40204.0,2020/05/05 03:59:59+00,7,FIELD
698.0,695019.0,2020/04/24 03:59:59+00,RESIDENCE,1764 CASSELBERRY RD,40205.0,2020/05/05 03:59:59+00,7,FIELD
4.0,697205.0,2020/05/04 03:59:59+00,RESIDENCE,102 PROMENADE CT,40223.0,2020/05/06 03:59:59+00,7,FIELD
7.0,697120.0,2020/05/06 03:59:59+00,SPECTRUM,3927 7TH ST RD,40216.0,2020/05/07 03:59:59+00,7,FIELD
3.0,697285.0,2020/05/06 03:59:59+00,RESIDENCE,8903 MICHAEL EDWARD DR,40291.0,2020/05/07 03:59:59+00,7,FIELD
4.0,697433.0,2020/05/11 03:59:59+00,LEE'S FAMOUS RECIPE,2925 BROWNSBORO RD,40206.0,2020/05/12 03:59:59+00,7,FIELD
2.0,697518.0,2020/05/12 03:59:59+00,HENKEL DHL,7101 LOGISTICS DR,40258.0,2020/05/14 03:59:59+00,7,FIELD
1.0,694757.0,2020/04/06 03:59:59+00,TROPICANA COMPANY,5215 PRESTON HWY,40213.0,2020/04/08 03:59:59+00,7,FIELD
6.0,694957.0,2020/04/06 03:59:59+00,STEEL CITY POPS,1021 BARDSTOWN RD,40204.0,2020/04/16 03:59:59+00,7,FIELD
6.0,695082.0,2020/04/07 03:59:59+00,LORD'S KITCHEN,2732 S 5TH ST,40208.0,2020/04/07 03:59:59+00,7,FIELD
27.0,694867.0,2020/04/07 03:59:59+00,DOLLAR TREE #1944,2221 HIKES LN,40218.0,2020/04/08 03:59:59+00,7,FIELD
4.0,695261.0,y2020/04/11 03:59:59+00,PIC PAC,6629 SOUTHSDIE DR,40214.0,2020/04/18 03:59:59+00,7,FIELD
1.0,695350.0,2020/04/07 03:59:59+00,RESIDENT,5301 ROCK RIDGE DR,40241.0,2020/04/10 03:59:59+00,7,FIELD
27.0,695360.0,2020/04/06 03:59:59+00,RESIDENT,14509 GABLEWOOD PL,40245.0,2020/04/10 03:59:59+00,7,FIELD
5.0,699788.0,2020/04/06 03:59:59+00,RSIDENT,5902 PAUL REVERE CT,40229.0,2020/04/09 03:59:59+00,7,FIELD
8.0,695382.0,2020/04/06 03:59:59+00,RESIDENT,4001 SLACK AVE,40229.0,2020/04/09 03:59:59+00,7,FIELD
17.0,695435.0,2020/04/13 03:59:59+00,SCHELLER'S FITNESS & CYCLING,11520 SHELBYVILLE RD,40243.0,2020/04/14 03:59:59+00,7,FIELD
8.0,695471.0,2020/04/14 03:59:59+00,GET IT RIGHT NOW,5226 DIXIE HWY,40216.0,2020/04/14 03:59:59+00,7,FIELD
4.0,694957.0,2020/04/15 03:59:59+00,WEST END BAPTIST CHURCH,1400 S 4TH STREET,40208.0,2020/04/23 03:59:59+00,7,FIELD
3.0,695741.0,2020/04/13 03:59:59+00,RESIDENT,104 SCOTTSDALE BLVD,40214.0,2020/04/15 03:59:59+00,7,FIELD
6.0,695816.0,2020/04/16 03:59:59+00,DOUBLE DRAGON,1255 GOSS AVE,40217.0,2020/04/17 03:59:59+00,7,FIELD
21.0,695862.0,2020/04/17 03:59:59+00,WENDYS,5240 BARDSTOWN RD,40291.0,2020/04/17 03:59:59+00,7,FIELD
3.0,693745.0,2020/04/17 03:59:59+00,LORD'S KITCHEN,2732 S 5TH ST,40208.0,2020/04/21 03:59:59+00,7,FIELD
11.0,695912.0,2020/04/17 03:59:59+00,INTERNATIOAN MALL,737 S 8TH ST,40203.0,2020/04/22 03:59:59+00,7,FIELD
3.0,696066.0,2020/04/20 03:59:59+00,GOLDEN WASH LAUNDRY WASH,5051 POPLAR LEVEL ROAD,40219.0,2020/04/22 03:59:59+00,7,FIELD
4.0,696069.0,2020/04/20 03:59:59+00,BUSY BROOMS,9127 GALENE DRIVE,40299.0,2020/04/22 03:59:59+00,7,FIELD
1.0,696101.0,2020/04/21 03:59:59+00,DOLLAR GENERAL #9126,9541 TAYLORSVILLE RD,40299.0,2020/04/22 03:59:59+00,7,FIELD
26.0,696173.0,2020/04/21 03:59:59+00,BAMBI BAR,2701 BARDSTOWN RD,40205.0,2020/04/22 03:59:59+00,7,FIELD
8.0,696245.0,2020/04/20 03:59:59+00,GREENWOOD APTS,1018 S 29TH ST,40211.0,2020/04/22 03:59:59+00,7,FIELD
27.0,695740.0,2020/04/23 03:59:59+00,NEW VIEW BAR AND GRILL,7601 OUTER LOOP,40219.0,2020/04/24 03:59:59+00,7,FIELD
3.0,696229.0,2020/04/07 03:59:59+00,RESIDENCE,1845 STEVENS AVE,40205.0,2020/04/22 03:59:59+00,7,FIELD
11.0,696398.0,2020/04/24 03:59:59+00,WALMART #3610,7100 RAGGARD RD,40216.0,2020/04/27 03:59:59+00,7,FIELD
2.0,696442.0,2020/04/24 03:59:59+00,POPEYE'S,7528 DIXIE HWY,40258.0,2020/04/25 03:59:59+00,7,FIELD
7.0,694829.0,2020/04/24 03:59:59+00,FAZOLI'S,10307 DIXIE HWY,40272.0,2020/04/30 03:59:59+00,7,FIELD
20.0,696606.0,2020/04/28 03:59:59+00,CASH SAVERS,3044 WILSON AVE,40211.0,2020/04/30 03:59:59+00,7,FIELD
26.0,696832.0,2020/04/30 03:59:59+00,M V TRANSPORTATION,830 13TH ST,40210.0,2020/05/04 03:59:59+00,7,FIELD
224.0,701078.0,2020/04/29 03:59:59+00,RESIDENCE,5403 STEPHEN FOSTER AVE,40213.0,2020/04/30 03:59:59+00,7,FIELD
5.0,696848.0,2020/04/24 03:59:59+00,TENT,4001 TAYLOR BLVD,40215.0,2020/04/29 03:59:59+00,7,FIELD
27.0,701061.0,2020/05/04 03:59:59+00,BOUDREAUX'S NEW ORLEANS STYLE SNOBALLS,11816 SHELBYVILLE RD,40243.0,2020/05/06 03:59:59+00,7,FIELD
6.0,697062.0,2020/05/04 03:59:59+00,CHICK-FIL-A,7901 BARDSTOWN RD,40291.0,2020/05/05 03:59:59+00,7,FIELD
19.0,697119.0,2020/05/05 03:59:59+00,STANLEY SCHULTZE,849 S 6TH ST,40203.0,2020/05/13 03:59:59+00,7,FIELD
21.0,697135.0,2020/04/23 03:59:59+00,AIR BNB RESIDENCE,1314 WINTER AVE,40204.0,2020/05/05 03:59:59+00,7,FIELD
3.0,694607.0,2020/05/04 03:59:59+00,RESIDENCE,818 S 41ST ST,40211.0,2020/05/04 03:59:59+00,7,FIELD
5.0,697225.0,2020/05/06 03:59:59+00,HOME DEPOT,6840 DIXIE HWY,40258.0,2020/05/08 03:59:59+00,7,FIELD
34.0,697276.0,2020/05/06 03:59:59+00,KRISPY KREME,3920 S 7TH ST,40216.0,2020/05/08 03:59:59+00,7,FIELD
17.0,695983.0,2020/05/07 03:59:59+00,CAPITOL PAIN INSTITUTE,3841 RUCKRIEGEL PARKWAY STE 104,40299.0,2020/05/08 03:59:59+00,7,FIELD
20.0,695689.0,2020/05/11 03:59:59+00,CIRCLE K #4703232,13401 DIXIE HWY,40272.0,2020/05/13 03:59:59+00,7,FIELD
20.0,697531.0,2020/05/12 03:59:59+00,FAMILY DOLLAR #29199,611 WINKLER AVE,40208.0,2020/05/13 03:59:59+00,7,FIELD
4.0,697609.0,2020/05/13 03:59:59+00,MONTGOMERY CHEVEROLET,5325 PRESTON HWY,40213.0,2020/05/15 03:59:59+00,7,FIELD
19.0,697641.0,2020/05/13 03:59:59+00,POPEYE'S,7528 DIXIE HWY,40258.0,2020/05/15 03:59:59+00,7,FIELD
19.0,697896.0,2020/05/18 03:59:59+00,HYUNDAI OF LOUISVILLE,6633 DIXIE HWY,40258.0,2020/05/20 03:59:59+00,7,FIELD
3.0,697930.0,2020/05/18 03:59:59+00,JTOWN BEACH,10315 WATTERSON TRAIL,40299.0,2020/05/19 03:59:59+00,7,FIELD
1.0,696645.0,2020/05/20 03:59:59+00,SAVE-A-LOT,2626 PORTLAND AVE,40212.0,2020/05/21 03:59:59+00,7,FIELD
9.0,696229.0,2020/05/26 03:59:59+00,FLEETS FEET SHOE STORE,117 BRECKENRIDGE LN,40207.0,2020/05/27 03:59:59+00,7,FIELD
1.0,698345.0,2020/05/27 03:59:59+00,ROSE'S EXPRESS #691,5607 PRESTON HWY,40219.0,2020/05/29 03:59:59+00,7,FIELD
3.0,698858.0,2020/05/22 03:59:59+00,PANHANDLERS,3612 DUMESNIL ST,40211.0,2020/05/26 03:59:59+00,7,FIELD
4.0,696253.0,2020/04/17 03:59:59+00,RESIDENT,4437 HEATHERBROOK DR,40220.0,2020/04/22 03:59:59+00,7,FIELD
17.0,696370.0,2020/04/24 03:59:59+00,HARRY'S PAYLAKES,10700 BARRICKS RD,40229.0,2020/04/24 03:59:59+00,7,FIELD
26.0,696376.0,2020/04/15 03:59:59+00,RESIDENCE,1302 TREVILIAN WAY,40213.0,2020/04/24 03:59:59+00,7,FIELD
5.0,696444.0,2020/04/26 03:5:959+00,FIRST LADYNAILS,801 EASTERNP ARKWAY,40276.0,2020/05/09 03:59:59+00,7,FIELD
11.0,696473.0,2020/04/24 03:59:59+00,TACO BELL,4643 DIXIE HWY,40216.0,2020/04/25 03:59:59+00,7,FIELD
11.0,694502.0,2020/04/27 03:59:59+00,HOMETOWN PIZZA,11804 SHELBYVILLE RD,40243.0,2020/04/28 03:59:59+00,7,FIELD
1.0,694505.0,2020/04/29 03:59:59+00,NORTON WOMENS CARE,"4123 DUTCHMANS LANE, STE 300",40207.0,2020/05/01 03:59:59+00,7,FIELD
6.0,696854.0,2020/04/30 03:59:59+00,U OF L HEALTH PEACE CTR.,2020 NEWBURG ROAD,40205.0,2020/05/01 03:59:59+00,7,FIELD
27.0,696946.0,2020/05/01 03:59:59+00,AMERICANA COMMUNITY CENTER,4801 SOUTHSIDE DR,40214.0,2020/05/04 03:59:59+00,7,FIELD
3.0,697050.0,2020/05/04 03:59:59+00,PAUL'S FRUIT MARKET,12119 SHELBYVILLE RD,40243.0,2020/05/05 03:59:59+00,7,FIELD
8.0,697181.0,2020/05/06 03:59:59+00,THE PARKLANDS EGG LAWN,1411 BECKLEY CREEK PKWY,40245.0,2020/05/06 03:59:59+00,7,FIELD
58.0,695019.0,2020/05/01 03:59:59+00,RESIDENCE,2301 BONNYCASTLE AVE,40205.0,2020/05/05 03:59:59+00,7,FIELD
58.0,695787.0,2020/05/06 03:59:59+00,BARGAIN HUNT,4140 OUTER LOOP,40219.0,2020/05/07 03:59:59+00,7,FIELD
57.0,694502.0,2020/05/07 03:59:59+00,HEUSER HEARING INSTITUTE,117 E KENTUCKY ST,40203.0,2020/05/12 03:59:59+00,7,FIELD
34.0,697319.0,2020/05/07 03:59:59+00,CIRCLE K #4703243,8001 BROWNSBORO RD,40241.0,2020/05/09 03:59:59+00,7,FIELD
2.0,694505.0,2020/05/08 03:59:59+00,LOWE'S,9800 PRESTON CROSSING BLVD,40229.0,2020/05/08 03:59:59+00,7,FIELD
26.0,695466.0,2020/05/18 03:59:59+00,QUALITY DENTURES,7205 LOWER HUNTERS TRACE,40258.0,2020/05/21 03:59:59+00,7,FIELD
20.0,697902.0,2020/05/18 03:59:59+00,HIGHLANDS HEALTH & REHAB CNTR,1705 STEVENS AVE,40205.0,2020/05/20 03:59:59+00,7,FIELD
11.0,697949.0,2020/05/15 03:59:59+00,RESIDENCE,3517 PINELAND DR,40219.0,2020/05/18 03:59:59+00,7,FIELD
1.0,695082.0,2020/05/19 03:59:59+00,EMW WOMEN'S SURGICAL CENTER,136 W MARKET ST,40202.0,2020/05/19 03:59:59+00,7,FIELD
1.0,697996.0,2020/05/19 03:59:59+00,CIRCLE K #4703234,4347 S 3RD ST,40214.0,2020/05/22 03:59:59+00,7,FIELD
17.0,694505.0,2020/05/20 03:59:59+00,SONDEX,7100 INTERNATIONAL DR,40258.0,2020/05/22 03:59:59+00,7,FIELD
222.0,698346.0,2020/05/27 03:59:59+00,JACOBI SALES AND SERVICE,6500 BARDSTOWN RD,40291.0,2020/05/27 03:59:59+00,7,FIELD
3.0,695466.0,2020/05/27 03:59:59+00,RALLY'S,8601 PRESTON HWY,40219.0,2020/06/02 03:59:59+00,7,FIELD
5.0,698469.0,2020/05/28 03:59:59+00,WENDYS,4041 TAYLORSVILLE RD,40220.0,2020/05/29 03:59:59+00,7,FIELD
2.0,695466.0,2020/05/28 03:59:59+00,BONNIE & CLYDE'S PIZZA,7611 DIXIE HWY,40258.0,2020/05/29 03:59:59+00,7,FIELD
3.0,698509.0,2020/05/28 03:59:59+00,OXMOOR FORD,100 OXMOOR LN,40222.0,2020/06/03 03:59:59+00,7,FIELD
2.0,698907.0,2020/06/05 03:59:59+00,CIRCLE K #4703330,9110 BLUE LICK RD,40219.0,2020/06/29 03:59:59+00,7,FIELD
19.0,698922.0,2020/06/05 03:59:59+00,CAUDILL SEED COMPANY,1402 W MAIN STREET,40203.0,2020/06/05 03:59:59+00,7,FIELD
27.0,694607.0,2020/06/17 03:59:59+00,SOUTHEAST CHRISTIAN CHURCH,920 BLANKENBAKER PKWY,40299.0,2020/06/16 03:59:59+00,7,FIELD
3.0,699932.0,2020/06/24 03:59:59+00,SPEEDWAY #9612,1101 BARDSTOWN RD,40204.0,2020/06/25 03:59:59+00,7,FIELD
17.0,700754.0,2020/07/08 03:59:59+00,THORNTONS #27,2007 BROWNSBORO RD,40206.0,2020/07/09 03:59:59+00,7,FIELD
222.0,694829.0,2020/07/11 03:59:59+00,KROGER L-387,291 N HUBBARDS LN,40207.0,2020/07/21 03:59:59+00,7,FIELD
6.0,701074.0,2020/07/13 03:59:59+00,CARDINAL KEY MARKET,7312 ST. ANDREWS CHURCH RD,40214.0,2020/07/14 03:59:59+00,7,FIELD
8.0,700597.0,2020/07/12 03:59:59+00,BEARNO'S BY THE BAY,5801 RIVER RD,40207.0,2020/07/22 03:59:59+00,7,FIELD
4.0,701371.0,2020/07/03 03:59:59+00,BAR VETTI,727 E MARKET ST,40202.0,2020/07/03 03:59:59+00,7,FIELD
11.0,701423.0,2020/07/16 03:59:59+00,COX'S SPIRIT SHOP AND SMOKER'S OUTLET PRP,8094 DIXIE HIGHWAY,40258.0,2020/07/17 03:59:59+00,7,FIELD
7.0,701635.0,2020/07/20 03:59:59+00,BERRT BLVD COIN LAUNDRY,1739 BERRY BLVD,40215.0,2020/08/26 03:59:59+00,7,FIELD
5.0,701719.0,2020/07/18 03:59:59+00,SAM'S CLUB #8111,1401 ALLIANT AVE,40299.0,2020/07/21 03:59:59+00,7,FIELD
1.0,701757.0,2020/07/20 03:59:59+00,TARGET T-2473 STARBUCKS,4174 WESTPORT RD,40207.0,2020/07/21 03:59:59+00,7,FIELD
21.0,695201.0,2020/07/21 03:59:59+00,SUBWAY #382,5338 S 3RD ST,40214.0,2020/07/23 03:59:59+00,7,FIELD
6.0,702204.0,2020/07/24 03:59:59+00,VFW POST 1181,6518 BLEVINS GAP RD,40272.0,2020/07/28 03:59:59+00,7,FIELD
3.0,702248.0,2020/07/24 03:59:59+00,BEARNO'S,10212 TAYLORSVILLE RD,40299.0,2020/07/31 03:59:59+00,7,FIELD
6.0,702295.0,2020/07/27 03:59:59+00,WILDWOOD COUNTRY CLUB KITCHEN,5000 BARDSTOWN RD,40291.0,2020/07/28 03:59:59+00,7,FIELD
15.0,695082.0,2020/07/29 03:59:59+00,BISCUIT BELLY,900 E MAIN ST,40206.0,2020/07/30 03:59:59+00,7,FIELD
20.0,702420.0,2020/07/28 03:59:59+00,ALPHA ENERGY SOLUTIONS,7200 DISTRIBUTION DR,40258.0,2020/09/15 03:59:59+00,7,FIELD
57.0,694829.0,2020/07/29 03:59:59+00,DIAMOND PUB & BILLIARDS,3814 FRANKFORT AVE,40207.0,2020/08/01 03:59:59+00,7,FIELD
7.0,695787.0,2020/03/30 03:59:59+00,COPART AUTO AUCTION,3100 POND STATION ROAD,40272.0,2020/03/31 03:59:59+00,7,FIELD
222.0,695082.0,2020/03/31 03:59:59+00,MIDDLETOWN PEDDLERS MALL,12405 SHELBYVILLE RD,40243.0,2020/04/02 03:59:59+00,7,FIELD
6.0,695464.0,2020/04/02 03:59:59+00,DART LOGISTICS,5401 SHEPERDSVILLE RD,40225.0,2020/04/22 03:59:59+00,7,FIELD
9.0,697771.0,2020/05/15 03:59:59+00,HOME DEPOT,2600 S HURSBOURNE PKY,40220.0,2020/05/15 03:59:59+00,7,FIELD
5.0,696106.0,2020/05/20 03:59:59+00,EMW WOMEN'S SURGICAL CENTER,136 W MARKET ST,40202.0,2020/05/19 03:59:59+00,7,FIELD
3.0,696310.0,2020/05/20 03:59:59+00,FORD,2000 FERN VALLEY RD,40213.0,2020/05/28 03:59:59+00,7,FIELD
333.0,698281.0,2020/05/22 03:59:59+00,WICKS PIZZA,975 BAXTER AVE,40204.0,2020/05/28 03:59:59+00,7,FIELD
15.0,698817.0,2020/06/03 03:59:59+00,PRIMPOLOGY BEAUTY SALON,4931 W PAGES LN,40258.0,2020/06/06 03:59:59+00,7,FIELD
6.0,698829.0,2020/05/21 03:59:59+00,RESIDENCE,5300 OLDSHIRE,40229.0,2020/05/22 03:59:59+00,7,FIELD
26.0,698849.0,2020/05/22 03:59:59+00,RESIDENCE,3670 WHEELER AVE UNIT 101,40219.0,2020/05/27 03:59:59+00,7,FIELD
1.0,699046.0,2020/06/09 03:59:59+00,SCHELLER'S FITNESS & CYCLING,11520 SHELBYVILLE RD,40243.0,2020/06/10 03:59:59+00,7,FIELD
292.0,694957.0,2020/06/11 03:59:59+00,MOE'S SOUTHWEST GRILL,1001 BRECKENRIDGE LN,40207.0,2020/06/12 03:59:59+00,7,FIELD
6.0,699323.0,2020/06/15 03:59:59+00,WENDYS,4259 OUTER LOOP,40219.0,2020/06/23 03:59:59+00,7,FIELD
5.0,699619.0,2020/06/19 03:59:59+00,EL NOPAL,9451 WESTPORT RD,40241.0,2020/06/19 03:59:59+00,7,FIELD
3.0,699944.0,2020/06/25 03:59:59+00,UPS STORE,667 HURSTBOURNE PKWY,40222.0,2020/07/13 03:59:59+00,7,FIELD
2.0,700771.0,2020/07/04 03:59:59+00,MIKE LINNIG'S RESTAURANT,9308 CANE RUN RD,40258.0,2020/07/04 03:59:59+00,7,FIELD
3.0,696397.0,2020/07/07 03:59:59+00,CRESCENT HILL CRAFT HOUSE,2636 FRANKFORT AVE,40206.0,2020/07/10 03:59:59+00,7,FIELD
26.0,698405.0,2020/07/10 03:59:59+00,GALT EAST BANQUET KITCHEN,140 N 4TH ST,40203.0,2020/07/13 03:59:59+00,7,FIELD
8.0,695082.0,2020/07/14 03:59:59+00,TACO BELL,4304 OUTER LOOP,40219.0,2020/07/28 03:59:59+00,7,FIELD
7.0,701466.0,2020/07/16 03:59:59+00,CIRCLE K #4703246,4701 S 3RD ST,40214.0,2020/07/23 03:59:59+00,7,FIELD
3.0,701478.0,2020/07/16 03:59:59+00,INDI'S RESTAURANT,5009 S 3RD ST,40214.0,2020/07/22 03:59:59+00,7,FIELD
26.0,695201.0,2020/07/17 03:59:59+00,KROGER L-332,4211 S 3RD ST,40214.0,2020/07/22 03:59:59+00,7,FIELD
300.0,694957.0,2020/07/22 03:59:59+00,GLEN COMMERCIAL SERVICE,4012 BISHOP LANE,40218.0,2020/07/24 03:59:59+00,7,FIELD
26.0,695277.0,2020/07/23 03:59:59+00,WICKS PIZZA,975 BAXTER AVE,40204.0,2020/07/24 03:59:59+00,7,FIELD
128.0,695740.0,2020/07/23 03:59:59+00,BILL COLLINS FORD,4220 BARDSTOWN RD,40218.0,2020/07/24 03:59:59+00,7,FIELD
19.0,693275.0,2020/03/23 03:59:59+00,PASS TIME FISH HOUSE & TAVERN,10801 LOCUST DR,40299.0,2020/03/24 03:59:59+00,7,FIELD
17.0,693415.0,2020/03/23 03:59:59+00,UPS,911 GRADE LANE,40213.0,2020/03/23 03:59:59+00,7,FIELD
2.0,696591.0,2020/03/26 03:59:59+00,VONSUBS,1614 DIXIE HWY,40210.0,2020/04/22 03:59:59+00,7,FIELD
100.0,697045.0,2020/04/01 03:59:59+00,RESIDENT,1900 ELBA DR,40218.0,2020/04/01 03:59:59+00,7,FIELD
5.0,694583.0,2020/04/03 03:59:59+00,BROOKSIDE,841 RIVER DELL DR,40206.0,2020/04/14 03:59:59+00,7,FIELD
1.0,694628.0,2020/04/04 03:59:59+00,WALMART #5418,2020 BASHFORD MANOR LN,40218.0,2020/04/04 03:59:59+00,7,FIELD
8.0,694996.0,2020/04/06 03:59:59+00,KY TRAILER,7201 LOGISTICS DR,40258.0,2020/04/09 03:59:59+00,7,FIELD
6.0,694103.0,2020/04/11 03:59:59+00,TWO VANS ARE SET UP ACROSS FROM,4335 HAZELWOOD AVE,40215.0,2020/04/13 03:59:59+00,7,FIELD
1.0,695583.0,2020/04/14 03:59:59+00,DINO'S II,2601 W BROADWAY,40211.0,2020/04/17 03:59:59+00,7,FIELD
2.0,695728.0,2020/04/16 03:59:59+00,KING SOLOMON MISSIONARY BAPTIST CHURCH,1620 ANDERSON STREET,40210.0,2020/04/17 03:59:59+00,7,FIELD
19.0,695793.0,2020/04/16 03:59:59+00,DOLLAR GENERAL #538,11909 DIXIE HWY,40272.0,2020/04/17 03:59:59+00,7,FIELD
7.0,697157.0,2020/04/17 03:59:59+00,AL WATAN RESTAURANT,3707 KLONDIKE LN,40218.0,2020/04/20 03:59:59+00,7,FIELD
4.0,695969.0,2020/04/17 03:59:59+00,SUPER BEAUTY,4420 DIXIE HIGHWAY,40216.0,2020/04/20 03:59:59+00,7,FIELD
11.0,695975.0,2020/04/20 03:59:59+00,RESIDENT,4723 KITTY HAWK WAY,40207.0,2020/04/21 03:59:59+00,7,FIELD
2.0,696056.0,2020/04/20 03:59:59+00,RESIDENCE,1106 OLEANDA AVE,40215.0,2020/04/21 03:59:59+00,7,FIELD
21.0,696097.0,2020/04/21 03:59:59+00,ACADEMY SPORTS,"4901 OUTER LOOP, UNIT 144",40219.0,2020/04/23 03:59:59+00,7,FIELD
5.0,696209.0,2020/04/22 03:59:59+00,HOME INSTEAD SENIOR CARE (STE 200),4101 TAYLORSVILLE RD,40220.0,2020/04/22 03:59:59+00,7,FIELD
58.0,695019.0,2020/04/22 03:59:59+00,HMI CARDINAL SHOWER ENCLOSURER,4795 SHEPHERDSVILLE RD,40218.0,2020/04/23 03:59:59+00,7,FIELD
21.0,696275.0,2020/04/23 03:59:59+00,BLUE GRASS PAINT AND DECORATING,3564 SPRINGHURST BLVD,40241.0,2020/04/27 03:59:59+00,7,FIELD
17.0,695362.0,2020/04/22 03:59:59+00,AMVETS POST 9,1567 S SHELBY ST,40217.0,2020/04/24 03:59:59+00,7,FIELD
224.0,694502.0,2020/04/24 03:59:59+00,LITTLE CAESARS,5524 NEW CUT RD,40214.0,2020/04/28 03:59:59+00,7,FIELD
9.0,696402.0,2020/04/24 03:59:59+00,MANDRAN HEALTH,4010 DUPONT CIRCLE STE 411,40207.0,2020/04/27 03:59:59+00,7,FIELD
17.0,696457.0,2020/04/24 03:59:59+00,STEAK N SHAKE #708,4913 DIXIE HWY,40216.0,2020/04/25 03:59:59+00,7,FIELD
5.0,696503.0,2020/04/22 03:59:59+00,RESIDENCE INN,3500 SPRINGHURST COMMONS DR,40241.0,2020/04/24 03:59:59+00,7,FIELD
9.0,695525.0,2020/04/28 03:59:59+00,FARMBOY FOODMART,1800 W OAK ST,40210.0,2020/04/29 03:59:59+00,7,FIELD
698.0,697480.0,2020/04/28 03:59:59+00,RALLY'S,4401 CANE RUN RD,40216.0,2020/04/30 03:59:59+00,7,FIELD
21.0,696795.0,2020/04/27 03:59:59+00,APARTMENT,2117 W CHESTNUT ST,40211.0,2020/04/28 03:59:59+00,7,FIELD
700.0,695169.0,2020/04/28 03:59:59+00,RESIDENCE,6944 LEISURE LANE,40229.0,2020/04/29 03:59:59+00,7,FIELD
7.0,699349.0,2020/06/15 03:59:59+00,METRO DINER,4901 OUTER LOOP,40219.0,2020/06/23 03:59:59+00,7,FIELD
2.0,699685.0,2020/06/21 03:59:59+00,SYRIAN GRILL,3325 BARDSTOWN RD STE 103,40218.0,2020/07/01 03:59:59+00,7,FIELD
4.0,699928.0,2020/06/24 03:59:59+00,CAPTAIN D'S #3532,10101 DIXIE HWY,40272.0,2020/06/25 03:59:59+00,7,FIELD
2.0,696394.0,2020/06/27 03:59:59+00,SAVE-A-LOT,4148 TAYLOR BLVD,40215.0,2020/06/30 03:59:59+00,7,FIELD
34.0,694103.0,2020/06/30 03:59:59+00,AUTOZONE AUTO PARTS,6231 PRESTON HWY,40219.0,2020/08/26 03:59:59+00,7,FIELD
9.0,700360.0,2020/06/30 03:59:59+00,BAPTIST HOSPITAL EAST,4919 BROWNSBORO RD UNIT 101,40222.0,2020/07/17 03:59:59+00,7,FIELD
5.0,700433.0,2020/07/01 03:59:59+00,LOWE'S,6651 DIXIE HWY,40258.0,2020/07/14 03:59:59+00,7,FIELD
3.0,696793.0,2020/07/01 03:59:59+00,CRICKET CELL,10974 DIXIE HWY,40272.0,2020/07/27 03:59:59+00,7,FIELD
11.0,700606.0,2020/07/06 03:59:59+00,PLATINUM FOOD MART,1025 W BROADWAY,40203.0,2020/07/07 03:59:59+00,7,FIELD
100.0,694829.0,2020/07/04 03:59:59+00,MAX ORIENT,4801 OUTER LOOP FC7,40219.0,2020/07/04 03:59:59+00,7,FIELD
2.0,700968.0,2020/07/11 03:59:59+00,BLUE DOG BAKERY & CAFE,2868 FRANKFORT AVE,40206.0,2020/07/08 03:59:59+00,7,FIELD
3.0,694163.0,2020/03/30 03:59:59+00,RADIAL,7700 TRADE PORT DR,40258.0,2020/03/31 03:59:59+00,7,FIELD
394.0,696834.0,2020/03/30 03:59:59+00,KOCH FILTER,8401 AIR COMMERCE DR,40219.0,2020/04/03 03:59:59+00,7,FIELD
19.0,694401.0,2020/04/02 03:59:59+00,CAROLINA WESTERN WEAR,5015 PRESTON HWY,40213.0,2020/04/06 03:59:59+00,7,FIELD
17.0,694502.0,2020/04/02 03:59:59+00,UPS,911 GRADE LN,40213.0,2020/04/02 03:59:59+00,7,FIELD
26.0,694790.0,2020/04/07 03:59:59+00,UPS,8100 AIR COMMERCE DR,40219.0,2020/04/13 03:59:59+00,7,FIELD
20.0,695375.0,2020/04/03 03:59:59+00,RESIDENT,5301 ROCK RIDGE DR,40241.0,2020/04/06 03:59:59+00,7,FIELD
7.0,695787.0,2020/04/13 03:59:59+00,UPS,6406 GRADE LANE,40213.0,2020/04/16 03:59:59+00,7,FIELD
27.0,695441.0,2020/04/13 03:59:59+00,FAMILY DOLLAR #26820,4126 TAYLOR BLVD,40215.0,2020/04/25 03:59:59+00,7,FIELD
21.0,696310.0,2020/04/13 03:59:59+00,DOLLAR GENERAL #19110,3808 S 7TH ST,40216.0,2020/04/14 03:59:59+00,7,FIELD
6.0,694607.0,2020/04/15 03:59:59+00,WAREHOUSE,134 E WOODLAWN AVENUE,40214.0,2020/04/24 03:59:59+00,7,FIELD
1.0,694957.0,2020/04/15 03:59:59+00,AREA WIDE PROTECTION (AWP),4333 POPLAR LEVEL ROAD,40213.0,2020/04/17 03:59:59+00,7,FIELD
7.0,695746.0,2020/04/11 03:59:59+00,RESIDENT,235 OTTAWA AVE,40209.0,2020/04/15 03:59:59+00,7,FIELD
11.0,695277.0,2020/04/17 03:59:59+00,SCHRECK'S BAXTER LIQUORS,1535 BAXTER AVE,40205.0,2020/04/18 03:59:59+00,7,FIELD
1.0,693745.0,2020/04/21 03:59:59+00,SMART TECH PRO,2220 HIKES LANE,40218.0,2020/04/23 03:59:59+00,7,FIELD
20.0,696120.0,2020/04/21 03:59:59+00,CIRCLE K,4347 S 3RD ST,40214.0,2020/04/22 03:59:59+00,7,FIELD
5.0,695464.0,2020/04/21 03:59:59+00,PRIVATE RESIDENCE,2308 VILLAGE DR,40205.0,2020/04/22 03:59:59+00,7,FIELD
34.0,694607.0,2020/04/21 03:59:59+00,FAMILY DOLLAR #11491,3907 W MARKET ST,40212.0,2020/04/24 03:59:59+00,7,FIELD
5.0,696239.0,2020/04/20 03:59:59+00,RSIDENT,612 EMILY RD,40205.0,2020/04/21 03:59:59+00,7,FIELD
7.0,696246.0,2020/04/20 03:59:59+00,RESIDENT PARK PLACE APARTMENTS,7500 CRANFILL WAY,40214.0,2020/04/22 03:59:59+00,7,FIELD
5.0,696286.0,2020/04/23 03:59:59+00,BROAD RUN PARK,11551 BARDSTOWN RD,40291.0,2020/04/24 03:59:59+00,7,FIELD
292.0,693745.0,2020/04/23 03:59:59+00,AUDUBON COUNTRY CLUB,3265 ROBIN RD,40213.0,2020/04/25 03:59:59+00,7,FIELD
6.0,696312.0,2020/04/23 03:59:59+00,AUDUBON COUNTRY CLUB,3265 ROBIN RD,40213.0,2020/04/28 03:59:59+00,7,FIELD
21.0,697480.0,2020/04/21 03:59:59+00,UPS,8100 AIR COMMERCE DR,40219.0,2020/04/29 03:59:59+00,7,FIELD
7.0,696397.0,2020/04/24 03:59:59+00,PLS CHECK CASHING STORE,4724 DIXIE HWY,40216.0,2020/04/20 03:59:59+00,7,FIELD
323.0,695385.0,2020/04/24 03:59:59+00,KFC,10103 DIXIE HWY,40272.0,2020/04/25 03:59:59+00,7,FIELD
4.0,694502.0,2020/04/22 03:59:59+00,RESIDENCE,802 SAMOA WAY,40207.0,2020/04/24 03:59:59+00,7,FIELD
227.0,695169.0,2020/04/28 03:59:59+00,LANHAM HARDWOOD,4121 BISHOP LN,40218.0,2020/04/29 03:59:59+00,7,FIELD
5.0,696258.0,2020/05/04 03:59:59+00,WICKS PIZZA,975 BAXTER AVE,40204.0,2020/05/05 03:59:59+00,7,FIELD
1.0,697094.0,2020/05/04 03:59:59+00,JEWISH HOSPITAL MAIN KITCHEN,200 ABRAHAM FLEXNER WAY,40202.0,2020/05/05 03:59:59+00,7,FIELD
9.0,697197.0,2020/05/06 03:59:59+00,DR. AMINS,1505 S 7TH ST,40208.0,2020/05/08 03:59:59+00,7,FIELD
2.0,695385.0,2020/05/04 03:59:59+00,RESIDENCE,3424 BRYAN WAY,40220.0,2020/05/06 03:59:59+00,7,FIELD
9.0,697227.0,2020/05/06 03:59:59+00,CONSTRUCTION WORKERS,4000 TAYLORSVILLE ROAD,40220.0,2020/05/11 03:59:59+00,7,FIELD
4.0,697316.0,2020/05/07 03:59:59+00,HAPPY'S FOOD MART,1397 S 2ND ST,40208.0,2020/05/08 03:59:59+00,7,FIELD
7.0,697342.0,2020/05/08 03:59:59+00,CHARTER COMMUNICATIONS/SPECTRUM,10200 LINN STATION RD,40223.0,2020/05/08 03:59:59+00,7,FIELD
4.0,697460.0,2020/05/12 03:59:59+00,CSL PLASMA,1407 W JEFFERSON ST,40203.0,2020/05/12 03:59:59+00,7,FIELD
34.0,695169.0,2020/05/14 03:59:59+00,KELLOGG'S SNACKS,2287 RALPH AVE,40216.0,2020/05/19 03:59:59+00,7,FIELD
20.0,695201.0,2020/05/15 03:59:59+00,KOCH FILTER CORP,8401 AIR COMMERCE DR,40219.0,2020/05/18 03:59:59+00,7,FIELD
15.0,697807.0,2020/05/15 03:59:59+00,KELVIN CORP,1103 OUTER LOOP,40219.0,2020/05/19 03:59:59+00,7,FIELD
1.0,697994.0,2020/05/19 03:59:59+00,MCDONALD'S,5001 S 3RD ST,40214.0,2020/05/22 03:59:59+00,7,FIELD
698.0,698079.0,2020/04/08 03:59:59+00,UNKNOWN,1321 PIGEON PASS ROAD,40213.0,2020/04/10 03:59:59+00,7,FIELD
9.0,695886.0,2020/04/17 03:59:59+00,UPS,6406 GRADE LN,40213.0,2020/04/20 03:59:59+00,7,FIELD
72.0,693745.0,2020/04/17 03:59:59+00,LAKE FOREST COUNTRY CLUB,14000 LANDMARK DR,40245.0,2020/04/21 03:59:59+00,7,FIELD
21.0,695948.0,2020/04/17 03:59:59+00,BROWN FOREMAN COOPERATE,402 MACLEAN AVENUE,40209.0,2020/04/28 03:59:59+00,7,FIELD
8.0,696061.0,2020/04/20 03:59:59+00,JIM DANDY BEAUTY & HAIR,4838 POPLAR LEVEL RD,40213.0,2020/04/22 03:59:59+00,7,FIELD
4.0,696137.0,2020/04/21 03:59:59+00,FALCON FULLFILLMENT,2100 WATTERSON TRAIL,40299.0,2020/04/22 03:59:59+00,7,FIELD
226.0,694505.0,2020/04/22 03:59:59+00,GREENLEA EMERSON,4601 E INDIAN TRL,40213.0,2020/04/24 03:59:59+00,7,FIELD
83.0,694502.0,2020/04/22 03:59:59+00,INTERSECTION OF DRY RIDGE AND ROUTT ROAD,8120 ROUTT ROAD,40299.0,2020/04/24 03:59:59+00,7,FIELD
11.0,696289.0,2020/04/22 03:59:59+00,ALDI #39,4305 BARDSTOWN RD,40218.0,2020/04/25 03:59:59+00,7,FIELD
5.0,696362.0,2020/04/24 03:59:59+00,PARTY MART,4808 BROWNSBORO RD,40207.0,2020/04/24 03:59:59+00,7,FIELD
201.0,695544.0,2020/04/28 03:59:59+00,PATEL BROTHERS INTERNATIONAL GROCERY,1830 S HURSTBOURNE PKWY,40220.0,2020/04/29 03:59:59+00,7,FIELD
9.0,696925.0,2020/05/01 03:59:59+00,LITTLE CAESARS,3121 S 2ND ST,40208.0,2020/05/05 03:59:59+00,7,FIELD
5.0,697199.0,2020/05/06 03:59:59+00,OXMOOR TOYOTA,8003 SHELBYVILLE RD,40222.0,2020/05/14 03:59:59+00,7,FIELD
34.0,697257.0,2020/05/05 03:59:59+00,SPEEDWAY #9712,4547 TAYLORSVILLE RD,40220.0,2020/05/08 03:59:59+00,7,FIELD
11.0,697302.0,2020/05/07 03:59:59+00,DERBY CITY APPLIANCE,3020 HUNSINGER LANE,40220.0,2020/05/08 03:59:59+00,7,FIELD
5.0,697320.0,2020/05/07 03:59:59+00,DOMINO'S PIZZA #1422,3951 TAYLORSVILLE RD,40220.0,2020/05/08 03:59:59+00,7,FIELD
6.0,695019.0,2020/05/08 03:59:59+00,UPS,6407 BARDSTOWN RD,40291.0,2020/05/15 03:59:59+00,7,FIELD
224.0,700737.0,2020/05/14 03:59:59+00,ROOSTERS,7405 PRESTON HWY,40219.0,2020/05/15 03:59:59+00,7,FIELD
5.0,697728.0,2020/05/14 03:59:59+00,DOLLAR TREE,5713 PRESTON HWY,40219.0,2020/05/15 03:59:59+00,7,FIELD
3.0,697780.0,2020/05/14 03:59:59+00,PENN STATION,4000 DIXIE HWY,40216.0,2020/05/15 03:59:59+00,7,FIELD
34.0,697810.0,2020/05/15 03:59:59+00,GOOD SHEPHERDD LUTHER CHURCH,9718 DIXIE HWY,40272.0,2020/05/19 03:59:59+00,7,FIELD
72.0,694607.0,2020/05/15 03:59:59+00,BARRELL OF FUN ICE CREAM,9421 SMYRNA PKWY,40229.0,2020/05/19 03:59:59+00,7,FIELD
93.0,695544.0,2020/05/20 03:59:59+00,TOTAL WINE & MORE,5067 SHELBYVILLE RD,40207.0,2020/05/20 03:59:59+00,7,FIELD
3.0,698099.0,2020/05/20 03:59:59+00,WALMART #5417,175 OUTER LOOP,40214.0,2020/05/22 03:59:59+00,7,FIELD
8.0,698108.0,2020/05/21 03:59:59+00,GOODWILL,12616 TAYLORSVILLE RD,40299.0,2020/05/21 03:59:59+00,7,FIELD
3.0,698546.0,2020/05/28 03:59:59+00,PASS TIME FISH HOUSE & TAVERN,10801 LOCUST DR,40299.0,2020/06/01 03:59:59+00,7,FIELD
27.0,699322.0,2020/06/15 03:59:59+00,HIDEOUT PIZZARIA,5620 BARRET LN,40272.0,2020/06/16 03:59:59+00,7,FIELD
27.0,699752.0,2020/06/23 03:59:59+00,HARD LIFE TATTOO,962 BAXTER AVE,40204.0,2020/06/23 03:59:59+00,7,FIELD
3.0,700193.0,2020/06/29 03:59:59+00,J&P COMOTO LLC,501 INDUSTRY RD,40208.0,2020/07/01 03:59:59+00,7,FIELD
321.0,695907.0,2020/06/27 03:59:59+00,HD RUBBIES,6905 SOUTHSIDE DR,40214.0,2020/07/01 03:59:59+00,7,FIELD
3.0,700356.0,2020/06/30 03:59:59+00,LIMESTONE BAY CLUB,5801 RIVER RD,40059.0,2020/06/30 03:59:59+00,7,FIELD
3.0,700587.0,2020/07/06 03:59:59+00,CHARITY HALL BINGO,5001 STEPHEN DR,40258.0,2020/07/30 03:59:59+00,7,FIELD
300.0,698346.0,2020/07/04 03:59:59+00,JOE'S OLDER THAN DIRT,8131 NEW LAGRANGE RD,40222.0,2020/07/04 03:59:59+00,7,FIELD
83.0,695525.0,2020/07/07 03:59:59+00,THORNTONS #24,3726 TAYLORSVILLE RD,40220.0,2020/07/13 03:59:59+00,7,FIELD
1.0,700726.0,2020/07/08 03:59:59+00,WYANDOTTE TAVERN,3700 TAYLOR BLVD,40215.0,2020/07/09 03:59:59+00,7,FIELD
3.0,700775.0,2020/07/04 03:59:59+00,RED LOBSTER,4639 OUTER LOOP,40219.0,2020/07/04 03:59:59+00,7,FIELD
78.0,696394.0,2020/07/09 03:59:59+00,BLUE LICK BASEBALL AND SOFTBALL FIELD,4613 MUD LN,40229.0,2020/09/29 03:59:59+00,7,FIELD
260.0,694502.0,2020/07/10 03:59:59+00,VIRTUE,103 W OAK ST,40202.0,2020/07/13 03:59:59+00,7,FIELD
128.0,695787.0,2020/07/11 03:59:59+00,MEIJER #166,9500 PRESTON HWY,40229.0,2020/07/27 03:59:59+00,7,FIELD
20.0,698079.0,2020/07/13 03:59:59+00,JEFFERSON COUNTY CLERK'S OFFICE,7813 BEULAH CHURCH RD UNIT 101,40228.0,2020/08/04 03:59:59+00,7,FIELD
5.0,701064.0,2020/07/13 03:59:59+00,DOMINO'S PIZZA #1424,812 EASTERN PKWY,40217.0,2020/07/14 03:59:59+00,7,FIELD
6.0,701066.0,2020/07/13 03:59:59+00,KROGER L-346,3039 BRECKENRIDGE LN,40220.0,2020/07/14 03:59:59+00,7,FIELD
83.0,697411.0,2020/07/14 03:59:59+00,WALGREENS #4216,5201 S 3RD ST,40214.0,2020/07/16 03:59:59+00,7,FIELD
7.0,701344.0,2020/07/15 03:59:59+00,KROGER L-780,10645 DIXIE HWY,40272.0,2020/07/16 03:59:59+00,7,FIELD
27.0,694103.0,2020/07/16 03:59:59+00,BUMPER TO BUMPER,4106 BISHOP LN,40218.0,2020/07/20 03:59:59+00,7,FIELD
19.0,701503.0,2020/07/17 03:59:59+00,LEES LANE BAPTIST CHURCH,3309 LEES LN,40209.0,2020/08/09 03:59:59+00,7,FIELD
34.0,701819.0,2020/07/20 03:59:59+00,WALGREENS #3756,3980 DIXIE HWY,40216.0,2020/07/22 03:59:59+00,7,FIELD
93.0,694103.0,2020/07/21 03:59:59+00,FAMILY DOLLAR #30270,2124 BANK ST,40212.0,2020/07/22 03:59:59+00,7,FIELD
11.0,701901.0,2020/07/22 03:59:59+00,STANLEY SCHULT COMPANY,849 S 6TH ST,40203.0,2020/07/21 03:59:59+00,7,FIELD
8.0,701962.0,2020/07/21 03:59:59+00,SPEEDWAY #9514,2965 BRECKENRIDGE LN,40220.0,2020/07/23 03:59:59+00,7,FIELD
5.0,694103.0,2020/06/01 03:59:59+00,GOODWILL INDUSTRIES,12616 TAYLORSVILLE RD,40299.0,2020/06/01 03:59:59+00,7,FIELD
9.0,696290.0,2020/04/22 03:59:59+00,E Z FOOD MART,1100 ALGONQUIN PKWY,40208.0,2020/04/23 03:59:59+00,7,FIELD
15.0,699045.0,2020/06/09 03:59:59+00,HOME DEPOT,6840 DIXIE HWY,40258.0,2020/06/17 03:59:59+00,7,FIELD
8.0,695201.0,2020/04/23 03:59:59+00,OLE HICKORY PIT BAR B Q,6006 SHEPHERDSVILLE RD,40228.0,2020/04/24 03:59:59+00,7,FIELD
11.0,693745.0,2020/06/15 03:59:59+00,BURGER KING #542,3701 DIANN MARIE RD,40241.0,2020/06/16 03:59:59+00,7,FIELD
27.0,697317.0,2020/04/24 03:59:59+00,LC INDUSTRIES,1900 BROWNSBORO RD,40206.0,2020/04/28 03:59:59+00,7,FIELD
11.0,697045.0,2020/05/19 03:59:59+00,KROGER L-739,12450 LAGRANGE RD,40245.0,2020/05/20 03:59:59+00,7,FIELD
78.0,696394.0,2020/06/26 03:59:59+00,THORNTONS #34,605 LYNDON LN,40222.0,2020/06/30 03:59:59+00,7,FIELD
5.0,693745.0,2020/04/22 03:59:59+00,RESIDENCE,4412 DANNYWOOD RD,40220.0,2020/04/23 03:59:59+00,7,FIELD
2.0,698097.0,2020/05/20 03:59:59+00,DOLLAR TREE #1944,2221 HIKES LN,40218.0,2020/05/21 03:59:59+00,7,FIELD
15.0,700778.0,2020/07/04 03:59:59+00,GOLDEN CORRAL,8013 PRESTON HWY,40219.0,2020/07/04 03:59:59+00,7,FIELD
3.0,695544.0,2020/04/24 03:59:59+00,ABANDONED RESIDENCE,1112 DIXIE HWY,40210.0,2020/04/27 03:59:59+00,7,FIELD
8.0,698203.0,2020/05/22 03:59:59+00,EMW WOMEN'S SURGICAL CENTER,136 W MARKET ST,40203.0,2020/05/26 03:59:59+00,7,FIELD
5.0,700785.0,2020/07/04 03:59:59+00,CHICK-FIL-A,4801 OUTER LOOP FC2,40219.0,2020/07/04 03:59:59+00,7,FIELD
5.0,696568.0,2020/04/27 03:59:59+00,JIMMY JOHN'S,3507 POPLAR LEVEL RD,40213.0,2020/04/28 03:59:59+00,7,FIELD
34.0,698204.0,2020/05/22 03:59:59+00,EMW WOMEN'S SURGICAL CENTER,136 W MARKET ST,40202.0,2020/05/26 03:59:59+00,7,FIELD
261.0,695466.0,2020/07/09 03:59:59+00,CIRCLE K #4703232,13401 DIXIE HWY,40272.0,2020/07/10 03:59:59+00,7,FIELD
7.0,696622.0,2020/04/28 03:59:59+00,HAPPY CHINA,9128 TAYLORSVILLE RD,40299.0,2020/04/29 03:59:59+00,7,FIELD
15.0,698209.0,2020/05/22 03:59:59+00,BENNETT & BLOOM EYE CARE,1935 BLUEGRASS AVE,40215.0,2020/06/16 03:59:59+00,7,FIELD
8.0,700828.0,2020/07/09 03:59:59+00,BURGER KING #885,4030 SHELBYVILLE RD,40207.0,2020/07/13 03:59:59+00,7,FIELD
21.0,695525.0,2020/04/30 03:59:59+00,CHEWY'S PHARMACY,3621 FERN VALLEY ROAD,40219.0,2020/05/01 03:59:59+00,7,FIELD
6.0,698270.0,2020/05/22 03:59:59+00,KINGS FRIED CHICKEN,1302 DIXIE HWY,40210.0,2020/05/26 03:59:59+00,7,FIELD
3.0,700970.0,2020/07/11 03:59:59+00,PATRICK'S LIQUOR BAR,3202 FRANKFORT AVE,40206.0,2020/07/11 03:59:59+00,7,FIELD
343.0,695464.0,2020/05/01 03:59:59+00,ADVANCED ENT & ALLERGY CLINIC,2944 BRECKENRIDGE LN,40220.0,2020/05/01 03:59:59+00,7,FIELD
203.0,695019.0,2020/05/26 03:59:59+00,FIRST UROLOGY,3 AUDABON PLAZA DR STE 310,40217.0,2020/06/02 03:59:59+00,7,FIELD
9.0,701011.0,2020/07/13 03:59:59+00,CIRCLE K #4703223,9901 LAGRANGE RD,40223.0,2020/07/14 03:59:59+00,7,FIELD
21.0,697065.0,2020/05/04 03:59:59+00,WALMART #1170,10445 DIXIE HWY,40272.0,2020/05/05 03:59:59+00,7,FIELD
128.0,696310.0,2020/05/26 03:59:59+00,BEEF O'BRADY'S,11324 PRESTON HWY,40229.0,2020/06/02 03:59:59+00,7,FIELD
6.0,701042.0,2020/07/11 03:59:59+00,CARRABBA'S ITALIAN GRILL #6801,617 S HURSTBOURNE PKWY,40223.0,2020/07/15 03:59:59+00,7,FIELD
519.0,698225.0,2020/05/05 03:59:59+00,POST OFFICE,6121 GREENWOOD RD,40258.0,2020/05/08 03:59:59+00,7,FIELD
545.0,695362.0,2020/05/27 03:59:59+00,CULVER'S,11801 INTERCHANGE DR,40229.0,2020/06/02 03:59:59+00,7,FIELD
81.0,695987.0,2020/07/13 03:59:59+00,THORNTONS #56,8400 DIXIE HWY,40258.0,2020/07/14 03:59:59+00,7,FIELD
6.0,697134.0,2020/05/05 03:59:59+00,TARC 31 MIDDLE TOWN EAST BOUND,1000 W BROADWAY,40203.0,2020/05/13 03:59:59+00,7,FIELD
15.0,697770.0,2020/05/28 03:59:59+00,EMW WOMEN'S SUGICAL CENTER,136 W MARKET ST,40202.0,2020/06/05 03:59:59+00,7,FIELD
57.0,693745.0,2020/07/13 03:59:59+00,KROGER L-729,3616 BUECHEL BYPASS,40218.0,2020/07/14 03:59:59+00,7,FIELD
34.0,697227.0,2020/05/06 03:59:9+00,CONSTRUCTnION WORKERS,4000 TAYLORSVILLE ROzAD,40261.0,2020/05/12 03:59:59+00,7,FIELD
7.0,698778.0,2020/06/02 03:59:59+00,WHITE CASTLE #43,4020 SHELBYVILLE RD,40207.0,2020/06/03 03:59:59+00,7,FIELD
224.0,696106.0,2020/07/13 03:59:59+00,TACO BELL #36164,7420 WESTPORT RD,40222.0,2020/07/14 03:59:59+00,7,FIELD
21.0,695201.0,2020/05/06 03:59:59+00,MOBY DICK,6332 BARDSTOWN RD,40291.0,2020/05/07 03:59:59+00,7,FIELD
17.0,698877.0,2020/06/04 03:59:59+00,WAFFLE HOUSE #1568,4029 TAYLORSVILLE RD,40220.0,2020/06/05 03:59:59+00,7,FIELD
1.0,701184.0,2020/07/14 03:59:59+00,HOME DEPOT,6840 DIXIE HWY,40258.0,2020/08/10 03:59:59+00,7,FIELD
5.0,694607.0,2020/05/08 03:59:59+00,AMERICAN METALS SUPPLY,1250 OLD FERN VALLEY RD,40219.0,2020/05/11 03:59:59+00,7,FIELD
11.0,699048.0,2020/06/10 03:59:59+00,COSTCO,3408 BARDSTOWN RD,40218.0,2020/06/10 03:59:59+00,7,FIELD
9.0,696258.0,2020/03/24 03:59:59+00,PROTESTER,140 W MARKET ST,40202.0,2020/03/25 03:59:59+00,7,FIELD
9.0,697450.0,2020/05/11 03:59:59+00,MORTENSON FAMILY DENTAL,4311 BARDSTOWN RD UNIT #102,40218.0,2020/05/12 03:59:59+00,7,FIELD
21.0,695544.0,2020/06/11 03:59:59+00,ST MARY & ELIZABETH HOSPITAL,1850 BLUEGRASS AVE,40215.0,2020/07/16 03:59:59+00,7,FIELD
128.0,698079.0,2020/04/01 03:59:59+00,E Z DUZ IT CENTER,6605 LOWER HUNTERS TRCE,40258.0,2020/04/02 03:59:59+00,7,FIELD
1.0,697584.0,2020/05/12 03:59:59+00,THORNTONS #102,3909 TAYLORSVILLE RD,40299.0,2020/05/13 03:59:59+00,7,FIELD
8.0,700054.0,2020/06/25 03:59:59+00,BISCUIT BELLY,5207 NEW CUT RD,40214.0,2020/06/26 03:59:59+00,7,FIELD
698.0,695466.0,2020/04/01 03:59:59+00,RESIDENT,4311 ROCKWOOD DR,40220.0,2020/04/01 03:59:59+00,7,FIELD
4.0,695019.0,2020/05/13 03:59:59+00,RESIDENCE,9806 VIEUX CARRE DR,40223.0,2020/05/15 03:59:59+00,7,FIELD
2.0,694502.0,2020/06/27 03:59:59+00,COSTCO,3408 BARDSTOWN RD,40218.0,2020/06/30 03:59:59+00,7,FIELD
26.0,695110.0,2020/04/08 03:59:59+b00,LITTLE CAESARS***,3121 S ND ST,40293.0,2020/04/18 03:59:59+00,7,FIELD
83.0,695019.0,2020/04/10 03:59:59+00,MASSEY BOOKKEEPING,7562 DIXIE HIGHWAY,40258.0,2020/04/14 03:59:59+00,7,FIELD
3.0,701061.0,2020/04/08 03:59:59+00,EVANS WAREHOUSE,1480 S 13TH ST,40210.0,2020/04/10 03:59:59+00,7,FIELD
11.0,695433.0,2020/04/13 03:59:59+00,SHALOM BEAUTY SUPPLY,5007 PRESTON HWY,40213.0,2020/04/14 03:59:59+00,7,FIELD
9.0,695599.0,2020/04/07 03:59:59+00,WHITENEY TRABUE,"752 S CLAY STREET, UNIT 202",40203.0,2020/04/10 03:59:59+00,7,FIELD
27.0,696258.0,2020/04/16 03:59:59+00,WALGREENS #3677,12101 SHELBYVILLE RD,40243.0,2020/04/16 03:59:59+00,7,FIELD
227.0,695466.0,2020/04/20 03:59:59+00,TOUCH OF COLOR COLLISION CENTER,4734 ROCKFORD PLAZA,40216.0,2020/04/21 03:59:59+00,7,FIELD
2.0,696269.0,2020/04/20 03:59:59+00,ICE CREAM TRUCK,0 INDIANA AVE,40213.0,2020/04/22 03:59:59+00,7,FIELD
260.0,695277.0,2020/04/22 03:59:59+00,TEA STATION CHINESE BISTRO,9422 NORTON COMMONS BLVD,40059.0,2020/04/24 03:59:59+00,7,FIELD
7.0,696645.0,2020/04/22 03:59:59+00,COSTCO,3408 BARDSTOWN RD,40218.0,2020/04/24 03:59:59+00,7,FIELD
863.0,694829.0,2020/04/24 03:59:59+00,KU SOO DHAWAADA SANAAG COFFEE,5324 S 3RD ST,40214.0,2020/04/29 03:59:59+00,7,FIELD
19.0,696439.0,2020/04/24 03:59:59+00,WENDYS,8596 DIXIE HWY,40258.0,2020/04/25 03:59:59+00,7,FIELD
5.0,696509.0,2020/04/24 03:59:59+00,PROSOURCE WHOLESALE,330 GILMORE INDUSTRIAL BLVD,40213.0,2020/04/24 03:59:59+00,7,FIELD
4.0,695466.0,2020/04/22 03:59:59+00,MOSBYS TOWING,3119 DIXIE HWY,40216.0,2020/04/23 03:59:59+00,7,FIELD
1.0,696550.0,2020/04/27 03:59:59+00,DIAMOND STATION,2280 BARDSTOWN RD,40205.0,2020/04/29 03:59:59+00,7,FIELD
26.0,695525.0,2020/04/28 03:59:59+00,HEINE BROTHERS COFFEE,2714 FRANKFORT AVE,40206.0,2020/04/29 03:59:59+00,7,FIELD
21.0,696901.0,2020/04/30 03:59:59+00,WOLVERINE WORLDWIDE,6001 CANE RUN RD,40258.0,2020/10/28 03:59:59+00,7,FIELD
128.0,698346.0,2020/05/01 03:59:59+00,PARTY MART,3050 BARDSTOWN RD,40205.0,2020/05/02 03:59:59+00,7,FIELD
26.0,696916.0,2020/05/01 03:59:59+00,AIR B&B HOME,15612 BECKLEY HILLS DR,40245.0,2020/05/01 03:59:59+00,7,FIELD
5.0,696921.0,2020/04/30 03:59:59+00,ARBY'S,2956 BRECKENRIDGE LN,40220.0,2020/05/01 03:59:59+00,7,FIELD
519.0,696645.0,2020/05/01 03:59:59+00,FAMILY DOLLAR #24110,6621 SOUTHSIDE DR,40214.0,2020/05/02 03:59:59+00,7,FIELD
4.0,696934.0,2020/05/01 03:59:59+00,RESIDENT,"12401 BROTHERS AVENUE, UNIT 101",40243.0,2020/05/04 03:59:59+00,7,FIELD
20.0,697020.0,2020/05/04 03:59:59+00,FIVE POINTS FOOD MART,4548 TAYLORSVILLE RD,40220.0,2020/05/05 03:59:59+00,7,FIELD
2.0,697047.0,2020/05/04 03:59:59+00,ADVANCED AUTO PARTS,12001 SHELBYVILLE ROAD,40243.0,2020/05/04 03:59:59+00,7,FIELD
3.0,695385.0,2020/05/04 03:59:59+00,SEATONVILLE PLAZA,6519 BARDSTOWN RD,40291.0,2020/05/05 03:59:59+00,7,FIELD
20.0,697115.0,2020/05/05 03:59:59+00,JUSTFAB FC,8161 NATIONAL TPKE,40214.0,2020/05/07 03:59:59+00,7,FIELD
1.0,697162.0,2020/05/04 03:59:59+00,NORTON COMMONS NEIGHBORHOOD,9414 NORTON COMMONS,40059.0,2020/05/05 03:59:59+00,7,FIELD
26.0,697258.0,2020/05/05 03:59:59+00,FRISCH'S BIG BOY #153,1710 LINCOLN AVE,40213.0,2020/05/07 03:59:59+00,7,FIELD
8.0,697314.0,2020/05/07 03:59:59+00,CULVER'S OF LOUISVILLE,4630 S HURSTBOURNE PKWY,40299.0,2020/05/08 03:59:59+00,7,FIELD
6.0,693745.0,2020/05/11 03:59:59+00,MCDONALD'S,207 W BROADWAY,40202.0,2020/05/12 03:59:59+00,7,FIELD
34.0,699382.0,2020/05/11 03:59:59+00,INDI'S RESTAURANT,3820 W MARKET ST,40212.0,2020/05/13 03:59:59+00,7,FIELD
6.0,697487.0,2020/05/11 03:59:59+00,TIRES NOW,"5100 JEFF COMMERCE DRIVE, UNIT 101",40219.0,2020/05/12 03:59:59+00,7,FIELD
4.0,697672.0,2020/05/13 03:59:59+00,DARE TO CARE FOOD BANK,5803 FERN VALLEY RD,40228.0,2020/05/14 03:59:59+00,7,FIELD
8.0,697357.0,2020/05/08 03:59:59+00,MASTERBRAND CABINETS,6403 NEW CUT RD,40118.0,2020/05/09 03:59:59+00,7,FIELD
58.0,695385.0,2020/05/18 03:59:59+00,KROGER L-753,1265 GOSS AVE,40217.0,2020/05/19 03:59:59+00,7,FIELD
2.0,696218.0,2020/04/22 03:59:59+00,GREEN HAVEN CEMETERY,4707 FEGENBUSH LN,40228.0,2020/04/23 03:59:59+00,7,FIELD
1.0,695544.0,2020/05/18 03:59:59+00,MCDONALD'S,8600 CITADEL WAY,40220.0,2020/05/19 03:59:59+00,7,FIELD
5.0,694957.0,2020/04/21 03:59:59+00,RESIDENCE,2547 RIDGEWOOD AVE,40217.0,2020/04/22 03:59:59+00,7,FIELD
8.0,697937.0,2020/05/18 03:59:59+00,DOLLAR TREE,2815 W BROADWAY,40211.0,2020/05/19 03:59:59+00,7,FIELD
6.0,696359.0,2020/04/24 03:59:59+00,SOUTHEAST CHRISTIAN CHURCH,920 BLANKENBAKER PKWY,40299.0,2020/04/24 03:59:59+00,7,FIELD
3.0,697968.0,2020/05/19 03:59:59+00,EMW WOMEN'S SURGICAL CENTER,136 W MARKET ST,40202.0,2020/05/19 03:59:59+00,7,FIELD
27.0,696387.0,2020/04/24 03:59:59+00,LONG JOHN SILVER'S #14,3407 W BROADWAY,40211.0,2020/04/25 03:59:59+00,7,FIELD
7.0,697428.0,2020/05/19 03:59:59+00,EMW WOMEN'S SURGICAL CENTER,136 W MARKET ST,40202.0,2020/05/19 03:59:59+00,7,FIELD
2.0,696793.0,2020/04/24 03:59:59+00,CENTER FOR BEHAVIORAL HEALTH,1402 BROWNS LANE,40207.0,2020/04/28 03:59:59+00,7,FIELD
321.0,696153.0,2020/07/02 03:59:59+00,MCDONALD'S #1733,4445 CANE RUN RD,40216.0,2020/07/02 03:59:59+00,7,FIELD
9.0,698162.0,2020/05/21 03:59:59+00,PATTY GLASS,6200 FEGENBUSH LN,40228.0,2020/05/27 03:59:59+00,7,FIELD
184.0,695362.0,2020/04/24 03:59:59+00,AIR BNB,1919 MAPLEWOOD PLACE,40205.0,2020/04/27 03:59:59+00,7,FIELD
17.0,700848.0,2020/07/09 03:59:59+00,HARDEE'S #1506356,11201 OSCAR RD,40241.0,2020/07/14 03:59:59+00,7,FIELD
83.0,695385.0,2020/05/23 03:59:59+00,CIRCLE K #4700111,9200 DIXIE HWY,40272.0,2020/05/26 03:59:59+00,7,FIELD
3.0,696551.0,2020/04/27 03:59:59+00,PORKLAND BBQ,2519 ST. CECILIA ST,40212.0,2020/04/28 03:59:59+00,7,FIELD
6.0,696037.0,2020/07/10 03:59:59+00,MCDONALD'S #1733,4445 CANE RUN RD,40216.0,2020/07/20 03:59:59+00,7,FIELD
17.0,698614.0,2020/05/29 03:59:59+00,LEE'S FAMOUS RECIPE,5059 POPLAR LEVEL RD,40219.0,2020/06/04 03:59:59+00,7,FIELD
5.0,696781.0,2020/04/29 03:59:59+00,MCDONALD'S,6400 GREENWOOD RD,40258.0,2020/05/01 03:59:59+00,7,FIELD
3.0,700945.0,2020/07/10 03:59:59+00,RUMORS,12339 SHELBYVILLE RD,40243.0,2020/07/13 03:59:59+00,7,FIELD
3.0,698942.0,2020/06/06 03:59:59+00,WALMART #5297,143 THIERMAN LN,40207.0,2020/06/09 03:59:59+00,7,FIELD
1.0,699691.0,2020/06/22 03:59:59+00,EMW WOMEN'S SURGICAL CENTER,136 W MARKET ST,40202.0,2020/06/23 03:59:59+00,7,FIELD
19.0,699693.0,2020/06/22 03:59:59+00,HOME CENTER DEPARTMENT STORE,3210 HARTLAGE CT,40216.0,2020/06/25 03:59:59+00,7,FIELD
9.0,699714.0,2020/06/22 03:59:59+00,DAILY MART,1320 DIXIE HWY,40210.0,2020/06/25 03:59:59+00,7,FIELD
3.0,699940.0,2020/06/24 03:59:59+00,PENN STATION,3035 PRESTON HWY,40217.0,2020/06/25 03:59:59+00,7,FIELD
1.0,700025.0,2020/06/25 03:59:59+00,PRICELESS FOODS,7813 BEULAH CHURCH RD,40228.0,2020/06/26 03:59:59+00,7,FIELD
17.0,694502.0,2020/06/27 03:59:59+00,TACO CITY LOUISVILLE,1283 BARDSTOWN RD,40204.0,2020/06/30 03:59:59+00,7,FIELD
21.0,700290.0,2020/06/29 03:59:59+00,JTOWN BEACH,10315 WATTERSON TRAIL,40299.0,2020/07/01 03:59:59+00,7,FIELD
11.0,700467.0,2020/07/01 03:59:59+00,ALTITUDE TRAMPOLINE PARK,4420 DIXIE HWY #220,40216.0,2020/07/08 03:59:59+00,7,FIELD
5.0,696591.0,2020/07/08 03:59:59+00,SPEEDWAY #8132,2300 BROWNSBORO RD,40207.0,2020/07/09 03:59:59+00,7,FIELD
26.0,695201.0,2020/07/04 03:59:59+00,CHEDDAR'S SCRATCH KITCHEN #2142,3521 OUTER LOOP,40219.0,2020/07/04 03:59:59+00,7,FIELD
863.0,695987.0,2020/07/05 03:59:59+00,WAFFLE HOUSE #1887,10563 DIXIE HWY,40272.0,2020/07/05 03:59:59+00,7,FIELD
7.0,700814.0,2020/07/09 03:59:59+00,UPS,1920 OUTERL OOP,40219.0,2020/09/01 03:59:59+00,7,FIELD
26.0,700815.0,2020/07/09 03:59:59+00,CHAMPION GYM,11100 PLANTSIDE,40299.0,2020/07/15 03:59:59+00,7,FIELD
2.0,700996.0,2020/07/10 03:59:59+00,CHAMPION GYMNASTICS,11100 PLANTSIDE DR,40299.0,2020/07/15 03:59:59+00,7,FIELD
3.0,694400.0,2020/04/01 03:59:59+00,WATERLOJIC,11385 DECIMAL DR,40299.0,2020/04/03 03:59:59+00,7,FIELD
3.0,696310.0,2020/04/02 03:59:59+00,UPS,911 GRADE LN,40213.0,2020/04/02 03:59:59+00,7,FIELD
19.0,696229.0,2020/04/04 03:59:59+00,LOWES HOME IMPROVEMENT,9800 PRESTON CROSSING BLVD,40229.0,2020/04/04 03:59:59+00,7,FIELD
11.0,695019.0,2020/04/04 03:59:59+00,WALMART #1170,10445 DIXIE HWY,40272.0,2020/04/04 03:59:59+00,7,FIELD
1.0,696310.0,2020/04/09 03:59:59+00,SAM'S SEAFOOD,4918 POPLAR LEVEL RD,40219.0,2020/04/15 03:59:59+00,7,FIELD
17.0,695378.0,2020/04/08 03:59:59+00,RESIDENT,1662 RUSSELL LEE DR,40211.0,2020/04/10 03:59:59+00,7,FIELD
5.0,695434.0,2020/04/13 03:59:59+00,WALMART #5418,2020 BASHFORD MANOR LN,40218.0,2020/04/15 03:59:59+00,7,FIELD
27.0,695464.0,2020/04/14 03:59:59+00,LAUNDRY CONNECTION,2600 W BROADWAY,40211.0,2020/04/21 03:59:59+00,7,FIELD
5.0,695787.0,2020/04/14 03:59:59+00,DERBY CITY UPHOLSTERY,10920 PLANTSIDE DR,40299.0,2020/04/14 03:59:59+00,7,FIELD
15.0,695082.0,2020/07/13 03:59:59+00,SOUTHERN HIGH SCHOOL TESTING SITE,8620 PRESTON HWY,40219.0,2020/07/31 03:59:59+00,7,FIELD
21.0,694957.0,2020/04/30 03:59:59+00,CHICKEN KING,639 E BROADWAY,40202.0,2020/04/30 03:59:59+00,7,FIELD
8.0,697437.0,2020/05/11 03:59:59+00,WALMART #3294,7101 CEDAR SPRINGS BLVD,40291.0,2020/05/11 03:59:59+00,7,FIELD
26.0,694502.0,2020/04/30 03:59:59+00,URBAN STRATEGY,500 E JEFFERSON STREET,40202.0,2020/05/01 03:59:59+00,7,FIELD
4.0,697486.0,2020/05/12 03:59:59+00,SPEEDWAY #9701,8510 NATIONAL TURNPIKE,40118.0,2020/05/14 03:59:59+00,7,FIELD
4.0,697068.0,2020/05/04 03:59:59+00,KFC TACO BELL Y052-016,5012 S 3RD ST,40214.0,2020/05/05 03:59:59+00,7,FIELD
7.0,697555.0,2020/05/12 03:59:59+00,LEARNING EXPRESS,12619 SHELBYVILLE RD,40243.0,2020/05/13 03:59:59+00,7,FIELD
9.0,697083.0,2020/05/05 03:59:59+00,RESTAURANT DEPOT,620 LOCUST LN,40217.0,2020/05/11 03:59:59+00,7,FIELD
1.0,695277.0,2020/05/12 03:59:59+00,DERBY CITY ANTIQUE MALL,3819 BARDSTOWN RD,40218.0,2020/05/14 03:59:59+00,7,FIELD
7.0,697086.0,2020/05/04 03:59:59+00,GE APPLIANCE PARK,4000 BUECHEL BANK RD,40218.0,2020/04/22 03:59:59+00,7,FIELD
2.0,697615.0,2020/05/13 03:59:59+00,DOMINO'S PIZZA #1425,9409 WESTPORT RD,40222.0,2020/05/15 03:59:59+00,7,FIELD
20.0,697209.0,2020/05/05 03:59:59+00,SPECTRUM,1041 BARDSTOWN RD,40204.0,2020/05/08 03:59:59+00,7,FIELD
545.0,696919.0,2020/05/19 03:59:59+00,EMW WOMEN'S SURGICAL CENTER,136 W MARKET ST,40202.0,2020/05/19 03:59:59+00,7,FIELD
3.0,697308.0,2020/05/07 03:59:59+00,FIRST UROLOGY,3920 S. DUPONT RD,40207.0,2020/05/08 03:59:59+00,7,FIELD
2.0,698071.0,2020/05/20 03:59:59+00,GOODWILL,4224 SHELBYVILLE RD,40207.0,2020/05/21 03:59:59+00,7,FIELD
2.0,697511.0,2020/05/12 03:59:59+00,SPEEDWAY #9710,7933 FEGENBUSH LN,40228.0,2020/05/13 03:59:59+00,7,FIELD
